dataset,backbone,method,seed,n_users,calib20
Amazon-VG,MF,CausalEPP,20,2555,0.2549535163919882
Amazon-VG,MF,CausalEPP,21,2555,0.2451466128833398
Amazon-VG,MF,CausalEPP,22,2555,0.2663986658383832
Amazon-VG,MF,DDC,20,2555,0.2384122097853193
Amazon-VG,MF,DDC,21,2555,0.2603828620607433
Amazon-VG,MF,DDC,22,2555,0.2229313389100512
Amazon-VG,MF,DICE,20,2555,0.1588669367537014
Amazon-VG,MF,DICE,21,2555,0.1695869606472229
Amazon-VG,MF,DICE,22,2555,0.1616834780405599
Amazon-VG,MF,IPS,20,2555,0.2283652870649063
Amazon-VG,MF,IPS,21,2555,0.2266003578821815
Amazon-VG,MF,IPS,22,2555,0.2026478851354023
Amazon-VG,MF,PDA,20,2555,0.2183467002168849
Amazon-VG,MF,PDA,21,2555,0.2220183585732411
Amazon-VG,MF,PDA,22,2555,0.2114345503757468
Amazon-VG,MF,STFR,20,2555,0.1656103988201103
Amazon-VG,MF,STFR,21,2555,0.168821986451524
Amazon-VG,MF,STFR,22,2555,0.1560355644348551
Amazon-VG,MF,TIDE,20,2555,0.1946388158242051
Amazon-VG,MF,TIDE,21,2555,0.215896665930722
Amazon-VG,MF,TIDE,22,2555,0.2116283477100667
Amazon-VG,MF,base,20,2555,0.2334336233068088
Amazon-VG,MF,base,21,2555,0.2565444661012898
Amazon-VG,MF,base,22,2555,0.2146286080952913
Amazon-VG,LightGCN,CausalEPP,20,2555,0.3027289270553086
Amazon-VG,LightGCN,CausalEPP,21,2555,0.299825916442422
Amazon-VG,LightGCN,CausalEPP,22,2555,0.3004315621923573
Amazon-VG,LightGCN,DDC,20,2555,0.2784968744034182
Amazon-VG,LightGCN,DDC,21,2555,0.283179603011976
Amazon-VG,LightGCN,DDC,22,2555,0.289331137028544
Amazon-VG,LightGCN,DICE,20,2555,0.1733236812427544
Amazon-VG,LightGCN,DICE,21,2555,0.2050423305333762
Amazon-VG,LightGCN,DICE,22,2555,0.2034613214301607
Amazon-VG,LightGCN,IPS,20,2555,0.2242540498189093
Amazon-VG,LightGCN,IPS,21,2555,0.2150402207394603
Amazon-VG,LightGCN,IPS,22,2555,0.2635560389300672
Amazon-VG,LightGCN,PDA,20,2555,0.330778002624453
Amazon-VG,LightGCN,PDA,21,2555,0.3293751137288099
Amazon-VG,LightGCN,PDA,22,2555,0.3294943704076928
Amazon-VG,LightGCN,STFR,20,2555,0.1722320172004678
Amazon-VG,LightGCN,STFR,21,2555,0.1723417495856165
Amazon-VG,LightGCN,STFR,22,2555,0.186726404289357
Amazon-VG,LightGCN,TIDE,20,2555,0.2491397845079582
Amazon-VG,LightGCN,TIDE,21,2555,0.2769298830839097
Amazon-VG,LightGCN,TIDE,22,2555,0.2745730041575352
Amazon-VG,LightGCN,base,20,2555,0.2861441867387541
Amazon-VG,LightGCN,base,21,2555,0.2858430696455213
Amazon-VG,LightGCN,base,22,2555,0.2858834419229774
Amazon-VG,SimGCL,CausalEPP,20,2555,0.2390372219892531
Amazon-VG,SimGCL,CausalEPP,21,2555,0.240391793534876
Amazon-VG,SimGCL,CausalEPP,22,2555,0.2377756126741437
Amazon-VG,SimGCL,DDC,20,2555,0.2567129804916346
Amazon-VG,SimGCL,DDC,21,2555,0.2577901428891191
Amazon-VG,SimGCL,DDC,22,2555,0.255496754457318
Amazon-VG,SimGCL,DICE,20,2555,0.1739762118994436
Amazon-VG,SimGCL,DICE,21,2555,0.1730864565800985
Amazon-VG,SimGCL,DICE,22,2555,0.1748480463851373
Amazon-VG,SimGCL,IPS,20,2555,0.2146340395107761
Amazon-VG,SimGCL,IPS,21,2555,0.2332741426305331
Amazon-VG,SimGCL,IPS,22,2555,0.2441587846128155
Amazon-VG,SimGCL,PDA,20,2555,0.2562029777364942
Amazon-VG,SimGCL,PDA,21,2555,0.256809017605804
Amazon-VG,SimGCL,PDA,22,2555,0.2557294034803751
Amazon-VG,SimGCL,STFR,20,2555,0.2146836958590288
Amazon-VG,SimGCL,STFR,21,2555,0.2146477503031254
Amazon-VG,SimGCL,STFR,22,2555,0.2130926130743415
Amazon-VG,SimGCL,TIDE,20,2555,0.2325479603944386
Amazon-VG,SimGCL,TIDE,21,2555,0.2361115696958581
Amazon-VG,SimGCL,TIDE,22,2555,0.2336792335413456
Amazon-VG,SimGCL,base,20,2555,0.2392286999535049
Amazon-VG,SimGCL,base,21,2555,0.2396533337208632
Amazon-VG,SimGCL,base,22,2555,0.2372124172913089
Amazon-Movies,MF,CausalEPP,20,21342,0.1984111962429419
Amazon-Movies,MF,CausalEPP,21,21342,0.2007721003271174
Amazon-Movies,MF,CausalEPP,22,21342,0.1996159568544162
Amazon-Movies,MF,DDC,20,21342,0.2526664434165204
Amazon-Movies,MF,DDC,21,21342,0.2495264418737974
Amazon-Movies,MF,DDC,22,21342,0.2474184102955705
Amazon-Movies,MF,DICE,20,21342,0.1826238544692155
Amazon-Movies,MF,DICE,21,21342,0.1841051303261955
Amazon-Movies,MF,DICE,22,21342,0.1802682181492912
Amazon-Movies,MF,IPS,20,21342,0.2851962524548079
Amazon-Movies,MF,IPS,21,21342,0.2847799136507502
Amazon-Movies,MF,IPS,22,21342,0.2857961233112344
Amazon-Movies,MF,PDA,20,21342,0.2395018991833795
Amazon-Movies,MF,PDA,21,21342,0.234402485276923
Amazon-Movies,MF,PDA,22,21342,0.2384495067897645
Amazon-Movies,MF,STFR,20,21342,0.2083916491869068
Amazon-Movies,MF,STFR,21,21342,0.209293580740061
Amazon-Movies,MF,STFR,22,21342,0.2069866603468411
Amazon-Movies,MF,TIDE,20,21342,0.2221647605759923
Amazon-Movies,MF,TIDE,21,21342,0.2231640466561965
Amazon-Movies,MF,TIDE,22,21342,0.2174731572149965
Amazon-Movies,MF,base,20,21342,0.268822845910054
Amazon-Movies,MF,base,21,21342,0.2761739599481759
Amazon-Movies,MF,base,22,21342,0.271347962842485
Amazon-Movies,LightGCN,CausalEPP,20,21342,0.3042842253231188
Amazon-Movies,LightGCN,CausalEPP,21,21342,0.3048323042736056
Amazon-Movies,LightGCN,CausalEPP,22,21342,0.3053557931117099
Amazon-Movies,LightGCN,DDC,20,21342,0.2938236004573492
Amazon-Movies,LightGCN,DDC,21,21342,0.3211896558225931
Amazon-Movies,LightGCN,DDC,22,21342,0.2954264922808507
Amazon-Movies,LightGCN,DICE,20,21342,0.188293195766222
Amazon-Movies,LightGCN,DICE,21,21342,0.1889670901312947
Amazon-Movies,LightGCN,DICE,22,21342,0.1869552022170549
Amazon-Movies,LightGCN,IPS,20,21342,0.277310798229361
Amazon-Movies,LightGCN,IPS,21,21342,0.2780862433044391
Amazon-Movies,LightGCN,IPS,22,21342,0.2776616618910518
Amazon-Movies,LightGCN,PDA,20,21342,0.345190312389817
Amazon-Movies,LightGCN,PDA,21,21342,0.3445756452539256
Amazon-Movies,LightGCN,PDA,22,21342,0.3441629509021158
Amazon-Movies,LightGCN,STFR,20,21342,0.2291136684376244
Amazon-Movies,LightGCN,STFR,21,21342,0.2284309363303988
Amazon-Movies,LightGCN,STFR,22,21342,0.2326951560399187
Amazon-Movies,LightGCN,TIDE,20,21342,0.2740573531304781
Amazon-Movies,LightGCN,TIDE,21,21342,0.2577513012483367
Amazon-Movies,LightGCN,TIDE,22,21342,0.2558983883856302
Amazon-Movies,LightGCN,base,20,21342,0.2944264501220623
Amazon-Movies,LightGCN,base,21,21342,0.2973025202464396
Amazon-Movies,LightGCN,base,22,21342,0.2976558680268696
Amazon-Movies,SimGCL,CausalEPP,20,21342,0.2482222305711692
Amazon-Movies,SimGCL,CausalEPP,21,21342,0.2485393849263641
Amazon-Movies,SimGCL,CausalEPP,22,21342,0.2491585728394636
Amazon-Movies,SimGCL,DDC,20,21342,0.2755878019122589
Amazon-Movies,SimGCL,DDC,21,21342,0.2753417575541381
Amazon-Movies,SimGCL,DDC,22,21342,0.2760237543301226
Amazon-Movies,SimGCL,DICE,20,21342,0.1879405787693252
Amazon-Movies,SimGCL,DICE,21,21342,0.1883539892620638
Amazon-Movies,SimGCL,DICE,22,21342,0.1882175717078236
Amazon-Movies,SimGCL,IPS,20,21342,0.2404316872299826
Amazon-Movies,SimGCL,IPS,21,21342,0.2428335390237072
Amazon-Movies,SimGCL,IPS,22,21342,0.2413565297538571
Amazon-Movies,SimGCL,PDA,20,21342,0.2816355614621961
Amazon-Movies,SimGCL,PDA,21,21342,0.2808046469004993
Amazon-Movies,SimGCL,PDA,22,21342,0.2803737196358669
Amazon-Movies,SimGCL,STFR,20,21342,0.2239571701308208
Amazon-Movies,SimGCL,STFR,21,21342,0.2233263498619679
Amazon-Movies,SimGCL,STFR,22,21342,0.2224206556579117
Amazon-Movies,SimGCL,TIDE,20,21342,0.2535218998124286
Amazon-Movies,SimGCL,TIDE,21,21342,0.2499912645839266
Amazon-Movies,SimGCL,TIDE,22,21342,0.2513079490474526
Amazon-Movies,SimGCL,base,20,21342,0.2484271020511973
Amazon-Movies,SimGCL,base,21,21342,0.248648397321448
Amazon-Movies,SimGCL,base,22,21342,0.2488445284811428
Douban-movie,MF,CausalEPP,20,10947,0.2761189480171428
Douban-movie,MF,CausalEPP,21,10947,0.2873796740067436
Douban-movie,MF,CausalEPP,22,10947,0.2792634081980691
Douban-movie,MF,DDC,20,10947,0.2775850584317361
Douban-movie,MF,DDC,21,10947,0.2815121994103714
Douban-movie,MF,DDC,22,10947,0.2862983042906897
Douban-movie,MF,DICE,20,10947,0.1884871190077881
Douban-movie,MF,DICE,21,10947,0.200101738689058
Douban-movie,MF,DICE,22,10947,0.1889071937251625
Douban-movie,MF,IPS,20,10947,0.2361569371074945
Douban-movie,MF,IPS,21,10947,0.2806848511406126
Douban-movie,MF,IPS,22,10947,0.2607057212233432
Douban-movie,MF,PDA,20,10947,0.2306666655937632
Douban-movie,MF,PDA,21,10947,0.2283297488266621
Douban-movie,MF,PDA,22,10947,0.2282847724962199
Douban-movie,MF,STFR,20,10947,0.2026736950711766
Douban-movie,MF,STFR,21,10947,0.2060526738403784
Douban-movie,MF,STFR,22,10947,0.2055467667876049
Douban-movie,MF,TIDE,20,10947,0.2033304445117104
Douban-movie,MF,TIDE,21,10947,0.2082717617619759
Douban-movie,MF,TIDE,22,10947,0.2049955409052556
Douban-movie,MF,base,20,10947,0.276606884104357
Douban-movie,MF,base,21,10947,0.2784539158950539
Douban-movie,MF,base,22,10947,0.2838214803465894
Douban-movie,LightGCN,CausalEPP,20,10947,0.3899434691622839
Douban-movie,LightGCN,CausalEPP,21,10947,0.3902211018709004
Douban-movie,LightGCN,CausalEPP,22,10947,0.3901969650229968
Douban-movie,LightGCN,DDC,20,10947,0.3837805201629731
Douban-movie,LightGCN,DDC,21,10947,0.383825485696021
Douban-movie,LightGCN,DDC,22,10947,0.3855520251667065
Douban-movie,LightGCN,DICE,20,10947,0.1890856275452502
Douban-movie,LightGCN,DICE,21,10947,0.189637881228834
Douban-movie,LightGCN,DICE,22,10947,0.2162888724634697
Douban-movie,LightGCN,IPS,20,10947,0.3331250435916307
Douban-movie,LightGCN,IPS,21,10947,0.2856013732946125
Douban-movie,LightGCN,IPS,22,10947,0.2642153777273094
Douban-movie,LightGCN,PDA,20,10947,0.3718924392210454
Douban-movie,LightGCN,PDA,21,10947,0.3711760770952789
Douban-movie,LightGCN,PDA,22,10947,0.3714837752564622
Douban-movie,LightGCN,STFR,20,10947,0.1940326581788327
Douban-movie,LightGCN,STFR,21,10947,0.1995481650268613
Douban-movie,LightGCN,STFR,22,10947,0.1960335401886561
Douban-movie,LightGCN,TIDE,20,10947,0.3102870915189534
Douban-movie,LightGCN,TIDE,21,10947,0.2932808192487529
Douban-movie,LightGCN,TIDE,22,10947,0.3122633253094213
Douban-movie,LightGCN,base,20,10947,0.3878182230174095
Douban-movie,LightGCN,base,21,10947,0.3878446924481616
Douban-movie,LightGCN,base,22,10947,0.3874991227493025
