dataset,backbone,method,seed,k,catalog_size,n_users,coverage,gini,nalrp,recall
Amazon-Movies,LightGCN,CausalEPP,20,20,54774,21342,0.0746887209259867,0.9931343296334556,0.833789184291366,0.0491423706224812
Amazon-Movies,LightGCN,CausalEPP,21,20,54774,21342,0.074177529484792,0.9932869672116068,0.8345430525926625,0.0503942404797742
Amazon-Movies,LightGCN,CausalEPP,22,20,54774,21342,0.0751086281812538,0.9932063195024796,0.8349555842288578,0.0496603080117785
Amazon-Movies,LightGCN,DDC,20,20,54774,21342,0.119162376309928,0.9890741667013035,0.8152972171525239,0.0472393810524865
Amazon-Movies,LightGCN,DDC,21,20,54774,21342,0.1010698506590718,0.9929417422426328,0.8474250715608719,0.0446306292787737
Amazon-Movies,LightGCN,DDC,22,20,54774,21342,0.1211888852375214,0.9890542598881288,0.8168599952053689,0.0482526600782926
Amazon-Movies,LightGCN,DICE,20,20,54774,21342,0.1974294373242779,0.9589069919518708,0.6648215145469304,0.0404643924390822
Amazon-Movies,LightGCN,DICE,21,20,54774,21342,0.19680870485997,0.9588025935022008,0.6674528432237342,0.0387413392650823
Amazon-Movies,LightGCN,DICE,22,20,54774,21342,0.1976302625333187,0.9587880371348072,0.662871425731971,0.0362770219613597
Amazon-Movies,LightGCN,IPS,20,20,54774,21342,0.11315587687589,0.9886260513408678,0.7994690962519799,0.0463682187083902
Amazon-Movies,LightGCN,IPS,21,20,54774,21342,0.1092124000438164,0.9891158680308964,0.798939666069992,0.0426883739879678
Amazon-Movies,LightGCN,IPS,22,20,54774,21342,0.1133749589221163,0.9889592589790166,0.7999563541581464,0.0464589355106948
Amazon-Movies,LightGCN,PDA,20,20,54774,21342,0.0103516266841932,0.999079467634118,0.8811951776625311,0.0622800130743796
Amazon-Movies,LightGCN,PDA,21,20,54774,21342,0.0101325446379669,0.999082947913211,0.8802304526632381,0.0625535958733632
Amazon-Movies,LightGCN,PDA,22,20,54774,21342,0.0092197027786906,0.999115425784636,0.880053783523374,0.0621024979310895
Amazon-Movies,LightGCN,STFR,20,20,54774,21342,0.0757293606455617,0.9903772485837368,0.7456136116131795,0.0805127658219515
Amazon-Movies,LightGCN,STFR,21,20,54774,21342,0.0747252346003578,0.9906246282998796,0.744964071243219,0.0814680137941329
Amazon-Movies,LightGCN,STFR,22,20,54774,21342,0.0755833059480775,0.9905467648824626,0.7511896964353579,0.0804313253598557
Amazon-Movies,LightGCN,TIDE,20,20,54774,21342,0.0234417789462153,0.9988906824251076,0.801159559803239,0.0686334440306059
Amazon-Movies,LightGCN,TIDE,21,20,54774,21342,0.0286814912184613,0.9981362273111491,0.7818448852651316,0.0647821267035636
Amazon-Movies,LightGCN,TIDE,22,20,54774,21342,0.0286267207069047,0.9981476769708488,0.7799865940356366,0.0648506027982707
Amazon-Movies,LightGCN,base,20,20,54774,21342,0.1052506663745572,0.9908776734354452,0.8198539850789676,0.0498859660636415
Amazon-Movies,LightGCN,base,21,20,54774,21342,0.1032789279585204,0.9911614673380872,0.8231630005262534,0.0505806502495931
Amazon-Movies,LightGCN,base,22,20,54774,21342,0.1037536057253441,0.9911324262037716,0.8234196670329409,0.050778059521765
Amazon-Movies,MF,CausalEPP,20,20,54774,21342,0.2760616350823383,0.9338158446366184,0.6795471791195246,0.0432816292680673
Amazon-Movies,MF,CausalEPP,21,20,54774,21342,0.2702377040201555,0.937309721745784,0.6846693009029913,0.0436013153285954
Amazon-Movies,MF,CausalEPP,22,20,54774,21342,0.2816482272611093,0.9321371232392148,0.6799859118530592,0.0446536901667854
Amazon-Movies,MF,DDC,20,20,54774,21342,0.2919633402709314,0.9656698490022524,0.7577925834219886,0.0411065238111599
Amazon-Movies,MF,DDC,21,20,54774,21342,0.3050900062073246,0.9637548767577604,0.752192993236176,0.0395374996794008
Amazon-Movies,MF,DDC,22,20,54774,21342,0.3070069741118049,0.9628600950696182,0.7483018983094746,0.0375149762986801
Amazon-Movies,MF,DICE,20,20,54774,21342,0.24279767773031,0.9451188659708868,0.6567397726374896,0.0355354929714535
Amazon-Movies,MF,DICE,21,20,54774,21342,0.245262350750356,0.9459337273319964,0.6572120799551859,0.0357623355347629
Amazon-Movies,MF,DICE,22,20,54774,21342,0.242450797823785,0.9447964156834536,0.6512646304804814,0.0348567004280145
Amazon-Movies,MF,IPS,20,20,54774,21342,0.230200460072297,0.980864472156171,0.80523301841411,0.0345679492837873
Amazon-Movies,MF,IPS,21,20,54774,21342,0.2297257823054733,0.9808811643904508,0.8032821353808394,0.034711696379709
Amazon-Movies,MF,IPS,22,20,54774,21342,0.2256545076131011,0.9814880828396896,0.8056355470911262,0.0320829356297361
Amazon-Movies,MF,PDA,20,20,54774,21342,0.0180194983021141,0.9993109626529646,0.7588448204205008,0.064786990195826
Amazon-Movies,MF,PDA,21,20,54774,21342,0.015518311607697,0.999434181419281,0.7511537121335712,0.0650977686877847
Amazon-Movies,MF,PDA,22,20,54774,21342,0.0174900500237338,0.9993020177266208,0.7572500077539938,0.0659861323476857
Amazon-Movies,MF,STFR,20,20,54774,21342,0.1928287143535254,0.97952100256045,0.718209341826492,0.0839480989554081
Amazon-Movies,MF,STFR,21,20,54774,21342,0.1901267024500675,0.979759829228101,0.7190865700262767,0.0823769302767993
Amazon-Movies,MF,STFR,22,20,54774,21342,0.1896155110088728,0.9795537801786536,0.7153462504607594,0.0848417654836498
Amazon-Movies,MF,TIDE,20,20,54774,21342,0.2373936539233943,0.9751158253546198,0.7278520513562395,0.0739876040290789
Amazon-Movies,MF,TIDE,21,20,54774,21342,0.2617117610545149,0.9722890536065872,0.7286427090884097,0.07425109374145
Amazon-Movies,MF,TIDE,22,20,54774,21342,0.2836017088399605,0.9652278622829302,0.719717145122324,0.0741054641927051
Amazon-Movies,MF,base,20,20,54774,21342,0.249844816883923,0.9757963017830996,0.785394723071514,0.0367023568196643
Amazon-Movies,MF,base,21,20,54774,21342,0.251962609997444,0.976895174329048,0.7934006196192386,0.0361502288174104
Amazon-Movies,MF,base,22,20,54774,21342,0.2486763793040493,0.9767558340791672,0.7884186292953352,0.0340080168208211
Amazon-Movies,SimGCL,CausalEPP,20,20,54774,21342,0.1055792894438967,0.9838761771446934,0.7695915659136888,0.057478851602385
Amazon-Movies,SimGCL,CausalEPP,21,20,54774,21342,0.1058531420016796,0.9838320366085804,0.7698506927213096,0.0571392203755484
Amazon-Movies,SimGCL,CausalEPP,22,20,54774,21342,0.1039909446087559,0.9841826396541028,0.770701315672452,0.0586178120701165
Amazon-Movies,SimGCL,DDC,20,20,54774,21342,0.1089385474860335,0.9872456808978533,0.8005016983257912,0.0508467823471775
Amazon-Movies,SimGCL,DDC,21,20,54774,21342,0.1086646949282506,0.9872014753481696,0.8002584720643857,0.0505943700610869
Amazon-Movies,SimGCL,DDC,22,20,54774,21342,0.1088472633001058,0.9872553343865738,0.800941763613259,0.0518474684972657
Amazon-Movies,SimGCL,DICE,20,20,54774,21342,0.1509840435242998,0.9655488736318464,0.6714909193522938,0.0472543093232976
Amazon-Movies,SimGCL,DICE,21,20,54774,21342,0.1528279840800379,0.96488895090157,0.6726431594857111,0.046962640442641
Amazon-Movies,SimGCL,DICE,22,20,54774,21342,0.1516960601745353,0.9652254932226312,0.6720167176855206,0.0468201714436598
Amazon-Movies,SimGCL,IPS,20,20,54774,21342,0.1817468141819111,0.9757639145884968,0.7566389897624852,0.0535234102055279
Amazon-Movies,SimGCL,IPS,21,20,54774,21342,0.1793369116734217,0.9757341414527017,0.7588733858825081,0.0515461793827151
Amazon-Movies,SimGCL,IPS,22,20,54774,21342,0.1839924051557308,0.9750152874278876,0.7569912152401667,0.0501769648316788
Amazon-Movies,SimGCL,PDA,20,20,54774,21342,0.0369883521378756,0.9947267139499416,0.811965417302981,0.0762439065812173
Amazon-Movies,SimGCL,PDA,21,20,54774,21342,0.038010735020265,0.994602151541316,0.8111015510907564,0.076049419431504
Amazon-Movies,SimGCL,PDA,22,20,54774,21342,0.038010735020265,0.9945830232656504,0.8104445234803384,0.0763513747421024
Amazon-Movies,SimGCL,STFR,20,20,54774,21342,0.0739767042757512,0.9950555236766644,0.7390466101784171,0.0807884886272263
Amazon-Movies,SimGCL,STFR,21,20,54774,21342,0.074487895716946,0.9949579816779234,0.7380894028088479,0.0755839662937502
Amazon-Movies,SimGCL,STFR,22,20,54774,21342,0.0738671632526381,0.9954899074866128,0.7368072627466308,0.0757639751149969
Amazon-Movies,SimGCL,TIDE,20,20,54774,21342,0.0795998101288932,0.9865496669958714,0.776906468479525,0.0596833899494724
Amazon-Movies,SimGCL,TIDE,21,20,54774,21342,0.0789973345017709,0.985921323752126,0.7727846926313989,0.0581367941709814
Amazon-Movies,SimGCL,TIDE,22,20,54774,21342,0.0786321977580604,0.986104828490488,0.774241289413176,0.0595266428091843
Amazon-Movies,SimGCL,base,20,20,54774,21342,0.107532771022748,0.9839618569897376,0.7699965437490575,0.0570322657300627
Amazon-Movies,SimGCL,base,21,20,54774,21342,0.1078066235805309,0.9839693574171932,0.7703287649242787,0.0572574453358208
Amazon-Movies,SimGCL,base,22,20,54774,21342,0.1074414868368204,0.9839680151435904,0.7703106094500073,0.0584025877634378
Amazon-VG,LightGCN,CausalEPP,20,20,14189,2555,0.0893650010571569,0.9788367991025267,0.7971872203787366,0.0652409347938719
Amazon-VG,LightGCN,CausalEPP,21,20,14189,2555,0.0987384593699344,0.9769879895109066,0.7934432763792029,0.0660527000190679
Amazon-VG,LightGCN,CausalEPP,22,20,14189,2555,0.0970470082458242,0.9773246660714958,0.7944306968586091,0.0678971600988767
Amazon-VG,LightGCN,DDC,20,20,14189,2555,0.1708365635351328,0.9639561447437508,0.7596420109723309,0.0626614305270672
Amazon-VG,LightGCN,DDC,21,20,14189,2555,0.1669603213757136,0.9653236824259138,0.7647938216726963,0.0662939854957021
Amazon-VG,LightGCN,DDC,22,20,14189,2555,0.1573754316724223,0.9684158685809782,0.7717313589241335,0.0653957516527777
Amazon-VG,LightGCN,DICE,20,20,14189,2555,0.2893790964831912,0.8799973078012114,0.611654308219118,0.056198456604962
Amazon-VG,LightGCN,DICE,21,20,14189,2555,0.1638593276481781,0.9414358108504164,0.673409014504988,0.06114133669554
Amazon-VG,LightGCN,DICE,22,20,14189,2555,0.1623088307844104,0.9423832551855514,0.6711379534182328,0.0605771569603577
Amazon-VG,LightGCN,IPS,20,20,14189,2555,0.358587638311368,0.9028688246828288,0.6915841644833621,0.0688410160451956
Amazon-VG,LightGCN,IPS,21,20,14189,2555,0.3893861441962083,0.8878853040564071,0.6780771591884349,0.0613632410997223
Amazon-VG,LightGCN,IPS,22,20,14189,2555,0.2193248290929593,0.9514709349418852,0.7449735818349995,0.0602925664461076
Amazon-VG,LightGCN,PDA,20,20,14189,2555,0.0200859820988089,0.9943107522861278,0.8279311603800756,0.0807060021835577
Amazon-VG,LightGCN,PDA,21,20,14189,2555,0.0195926421876101,0.993910483562761,0.8265249228729895,0.0844113249104069
Amazon-VG,LightGCN,PDA,22,20,14189,2555,0.0205793220100077,0.9939203669113872,0.8263955055280053,0.079935517812754
Amazon-VG,LightGCN,STFR,20,20,14189,2555,0.1365846782719007,0.9678739256547648,0.6074634055487405,0.1268150556139625
Amazon-VG,LightGCN,STFR,21,20,14189,2555,0.1405313975614913,0.9678807499373498,0.6067055846788669,0.118066468092611
Amazon-VG,LightGCN,STFR,22,20,14189,2555,0.1488476989216999,0.9633206948024426,0.6432464645305653,0.1200341646197642
Amazon-VG,LightGCN,TIDE,20,20,14189,2555,0.0675875678342377,0.9870909040505592,0.7340268656476583,0.0944700997032156
Amazon-VG,LightGCN,TIDE,21,20,14189,2555,0.0640637113256748,0.9867690980265162,0.7667580448716291,0.0869473653787841
Amazon-VG,LightGCN,TIDE,22,20,14189,2555,0.0642046655860173,0.9867340028982512,0.7644507493396475,0.0874002327069218
Amazon-VG,LightGCN,base,20,20,14189,2555,0.1556135034181408,0.9682561792651316,0.7718741820258107,0.0685188014494808
Amazon-VG,LightGCN,base,21,20,14189,2555,0.1520896469095778,0.9683779460923052,0.7725407134658213,0.0677616886992174
Amazon-VG,LightGCN,base,22,20,14189,2555,0.153781098033688,0.9684876642265396,0.7722431402004881,0.0681823152568303
Amazon-VG,MF,CausalEPP,20,20,14189,2555,0.1286912396927197,0.9644370608195566,0.7397999110475945,0.067091056028303
Amazon-VG,MF,CausalEPP,21,20,14189,2555,0.1503277186552963,0.9565273063020208,0.7281800480747949,0.0694596418375262
Amazon-VG,MF,CausalEPP,22,20,14189,2555,0.1067023750792867,0.9719931994396586,0.7535014392166135,0.0751817609191235
Amazon-VG,MF,DDC,20,20,14189,2555,0.3895975755867221,0.9017202074482604,0.6988658624451037,0.0521157634082388
Amazon-VG,MF,DDC,21,20,14189,2555,0.2923391359503841,0.9358255113143378,0.7316009445594512,0.0542751277669875
Amazon-VG,MF,DDC,22,20,14189,2555,0.4652900133906547,0.867845447929055,0.6724016209727737,0.0560268463289278
Amazon-VG,MF,DICE,20,20,14189,2555,0.4957361336246388,0.7851246610787911,0.5765549527795314,0.047679940622598
Amazon-VG,MF,DICE,21,20,14189,2555,0.3344844597927972,0.8525094147653587,0.5998091411419584,0.0489096275079652
Amazon-VG,MF,DICE,22,20,14189,2555,0.4686729156388752,0.7994335569614509,0.5844967805268327,0.0481905713552997
Amazon-VG,MF,IPS,20,20,14189,2555,0.3952357460004229,0.8962877916370541,0.6957338282401027,0.0483173114908341
Amazon-VG,MF,IPS,21,20,14189,2555,0.4056663612657692,0.8915170995309478,0.6918316120377498,0.0533887318935965
Amazon-VG,MF,IPS,22,20,14189,2555,0.4962999506660089,0.8450252041940375,0.6541761481551164,0.0540040354511187
Amazon-VG,MF,PDA,20,20,14189,2555,0.0736486010289661,0.985192738400616,0.6952328363849002,0.1071677447354045
Amazon-VG,MF,PDA,21,20,14189,2555,0.075269575022905,0.984742890188494,0.7013444765600877,0.0986455101526412
Amazon-VG,MF,PDA,22,20,14189,2555,0.0783705687504404,0.9843865214074627,0.6852667393303747,0.108587894155133
Amazon-VG,MF,STFR,20,20,14189,2555,0.273028402283459,0.9546518064281488,0.6018319099358279,0.1105287914371903
Amazon-VG,MF,STFR,21,20,14189,2555,0.2700683628162661,0.953494845032376,0.6103937964993977,0.1068381555670758
Amazon-VG,MF,STFR,22,20,14189,2555,0.230107830009162,0.9619003806454628,0.5725183305141508,0.1133424849946633
Amazon-VG,MF,TIDE,20,20,14189,2555,0.4087673549933047,0.8792927378627279,0.6430829137523187,0.0733231806799596
Amazon-VG,MF,TIDE,21,20,14189,2555,0.2707026569878074,0.9313077645247366,0.6806680013790517,0.0790975234741992
Amazon-VG,MF,TIDE,22,20,14189,2555,0.2922686588202128,0.9258025959030306,0.6726500497281642,0.080171003592689
Amazon-VG,MF,base,20,20,14189,2555,0.3747973782507576,0.9027204999766224,0.6987775906819895,0.0488580573290359
Amazon-VG,MF,base,21,20,14189,2555,0.2838818803298329,0.9363963319343186,0.7322551503561051,0.0558919247556045
Amazon-VG,MF,base,22,20,14189,2555,0.4479526393685249,0.8689731233878012,0.6713282632927056,0.0543492361874786
Amazon-VG,SimGCL,CausalEPP,20,20,14189,2555,0.2044541546268236,0.9405813411590992,0.7221534341370465,0.0734007946529314
Amazon-VG,SimGCL,CausalEPP,21,20,14189,2555,0.1985340756924378,0.9421354267017849,0.7242990556593797,0.0759181071775567
Amazon-VG,SimGCL,CausalEPP,22,20,14189,2555,0.2072732398336739,0.93978318972871,0.7208003622705772,0.0754864343882776
Amazon-VG,SimGCL,DDC,20,20,14189,2555,0.2177743322291916,0.9463522209743526,0.7406437606078565,0.0689907403331814
Amazon-VG,SimGCL,DDC,21,20,14189,2555,0.215166678412855,0.946629489865568,0.7400338855342299,0.06981596520434
Amazon-VG,SimGCL,DDC,22,20,14189,2555,0.2238353654239199,0.9446719937814622,0.7374685248003606,0.0717812555130745
Amazon-VG,SimGCL,DICE,20,20,14189,2555,0.2951582211572345,0.8724614710080395,0.6087471695515259,0.0646261101475604
Amazon-VG,SimGCL,DICE,21,20,14189,2555,0.293678201423638,0.8738888383948371,0.6079195279693183,0.0610740684732095
Amazon-VG,SimGCL,DICE,22,20,14189,2555,0.3709211360913383,0.845917163305165,0.6097103699454631,0.0619121644015037
Amazon-VG,SimGCL,IPS,20,20,14189,2555,0.3564733244062302,0.8958409831821706,0.681849447347102,0.0696313318912964
Amazon-VG,SimGCL,IPS,21,20,14189,2555,0.2770455987032208,0.925315098283875,0.7079630810508124,0.0693192327397184
Amazon-VG,SimGCL,IPS,22,20,14189,2555,0.2229896398618648,0.9413056722780346,0.7227804894293043,0.0647014522175405
Amazon-VG,SimGCL,PDA,20,20,14189,2555,0.0942984001691451,0.9763497728939992,0.7452015776307548,0.1001560234883861
Amazon-VG,SimGCL,PDA,21,20,14189,2555,0.0923955176545211,0.9767199364354212,0.746008273477881,0.1090307380323766
Amazon-VG,SimGCL,PDA,22,20,14189,2555,0.0946507858200014,0.9764420993137236,0.7447572697029993,0.1063072828042592
Amazon-VG,SimGCL,STFR,20,20,14189,2555,0.1326379589823102,0.9795394464359328,0.691763970096273,0.1124923157826466
Amazon-VG,SimGCL,STFR,21,20,14189,2555,0.134470364366763,0.9794194615354168,0.6916752649280947,0.1123720759613562
Amazon-VG,SimGCL,STFR,22,20,14189,2555,0.1322855733314539,0.9793639928618114,0.689896919254636,0.1152552815793955
Amazon-VG,SimGCL,TIDE,20,20,14189,2555,0.0036648107689054,0.998552648002318,0.7170497337989165,0.0832388922403856
Amazon-VG,SimGCL,TIDE,21,20,14189,2555,0.0041581506801043,0.9985210753513616,0.721776058939858,0.0858764221381895
Amazon-VG,SimGCL,TIDE,22,20,14189,2555,0.004369582070618,0.9985167143203322,0.7183133438365397,0.0849305643430167
Amazon-VG,SimGCL,base,20,20,14189,2555,0.2215096201282684,0.9394409880921234,0.7215211789196672,0.0728051682745262
Amazon-VG,SimGCL,base,21,20,14189,2555,0.2198886461343294,0.9400147767509326,0.7223900061941613,0.0762322317524703
Amazon-VG,SimGCL,base,22,20,14189,2555,0.2234125026428924,0.9381468238605496,0.7192678345719873,0.0753829336272426
Douban-movie,LightGCN,CausalEPP,20,20,23425,10947,0.0106296691568836,0.9983674377925892,0.917846981814265,0.0325842241624572
Douban-movie,LightGCN,CausalEPP,21,20,23425,10947,0.0098185699039487,0.9983221336449932,0.9170695732138168,0.0317228818306299
Douban-movie,LightGCN,CausalEPP,22,20,23425,10947,0.0108858057630736,0.9983626345975306,0.9176428196714814,0.0320988851315797
Douban-movie,LightGCN,DDC,20,20,23425,10947,0.0273639274279615,0.9973677898332112,0.91287345372407,0.0223249217413436
Douban-movie,LightGCN,DDC,21,20,23425,10947,0.0286019210245464,0.9973551354790944,0.9128546494310548,0.0230183652827853
Douban-movie,LightGCN,DDC,22,20,23425,10947,0.0267235859124866,0.9975268997154136,0.9141146535934278,0.0215888855238641
Douban-movie,LightGCN,DICE,20,20,23425,10947,0.3505656350053361,0.8920716016954774,0.6816228741965445,0.0264423903635564
Douban-movie,LightGCN,DICE,21,20,23425,10947,0.3494130202774813,0.8937257683113459,0.682386668862263,0.0274712897942287
Douban-movie,LightGCN,DICE,22,20,23425,10947,0.1952614727854855,0.9416050804265012,0.7171707492255416,0.0295945797460601
Douban-movie,LightGCN,IPS,20,20,23425,10947,0.1218356456776947,0.986219671320224,0.8579058406681116,0.0341992510248293
Douban-movie,LightGCN,IPS,21,20,23425,10947,0.351718249733191,0.9520267618936236,0.8036482478663459,0.0337170343421116
Douban-movie,LightGCN,IPS,22,20,23425,10947,0.4776947705442902,0.921339982231259,0.7752183914120035,0.0316209874502777
Douban-movie,LightGCN,PDA,20,20,23425,10947,0.0083244397011739,0.998540082959138,0.8994535411531456,0.0568117206591006
Douban-movie,LightGCN,PDA,21,20,23425,10947,0.0096478121664887,0.99855783805137,0.9004663029862097,0.0570099417996502
Douban-movie,LightGCN,PDA,22,20,23425,10947,0.0087513340448239,0.9985537539511954,0.900049810919962,0.0567880124741565
Douban-movie,LightGCN,STFR,20,20,23425,10947,0.0169050160085378,0.9982972753459742,0.6951354815432242,0.1201799814286094
Douban-movie,LightGCN,STFR,21,20,23425,10947,0.0174599786552828,0.9982843979320564,0.7032266377741069,0.1206336729086017
Douban-movie,LightGCN,STFR,22,20,23425,10947,0.0168196371398078,0.99826487473993,0.6979263982451771,0.1191933724332095
Douban-movie,LightGCN,TIDE,20,20,23425,10947,0.007769477054429,0.998778961288108,0.8379889949774133,0.0783905206163676
Douban-movie,LightGCN,TIDE,21,20,23425,10947,0.0055923159018143,0.998840370977307,0.8195837490548765,0.0795334669650486
Douban-movie,LightGCN,TIDE,22,20,23425,10947,0.0067022411953041,0.9987764066294388,0.8401098503208175,0.0779591944089065
Douban-movie,LightGCN,base,20,20,23425,10947,0.0208324439701173,0.9977867253875492,0.9134102525673355,0.0221651255192015
Douban-movie,LightGCN,base,21,20,23425,10947,0.0201921024546424,0.997799448375451,0.9134040396370168,0.0224939766004587
Douban-movie,LightGCN,base,22,20,23425,10947,0.0204482390608324,0.9977594099210332,0.9120147240968663,0.0219710739565959
Douban-movie,MF,CausalEPP,20,20,23425,10947,0.336136606189968,0.944835211549506,0.7961117131031858,0.0307059484442704
Douban-movie,MF,CausalEPP,21,20,23425,10947,0.2925506937033084,0.9563242357496424,0.8096064729084503,0.0331578711202563
Douban-movie,MF,CausalEPP,22,20,23425,10947,0.3244397011739594,0.9477607870813278,0.7999292230535715,0.0315225977317918
Douban-movie,MF,DDC,20,20,23425,10947,0.3927427961579509,0.9379774812941252,0.7922263438159997,0.0324247996479285
Douban-movie,MF,DDC,21,20,23425,10947,0.3810458911419423,0.9416115177630378,0.7969193662081362,0.0341837408080229
Douban-movie,MF,DDC,22,20,23425,10947,0.3708431163287086,0.9459851862164252,0.8030050341549331,0.0321737709413183
Douban-movie,MF,DICE,20,20,23425,10947,0.2646318036286019,0.9136893149383092,0.6803677199830889,0.0246051970836251
Douban-movie,MF,DICE,21,20,23425,10947,0.2070010672358591,0.9344342578518658,0.6998598065590018,0.0250175692004971
Douban-movie,MF,DICE,22,20,23425,10947,0.2686446104589114,0.9127050565453672,0.6810190742472023,0.0223536191535009
Douban-movie,MF,IPS,20,20,23425,10947,0.5943223052294557,0.8786527925030069,0.7387791663141635,0.02953400207178
Douban-movie,MF,IPS,21,20,23425,10947,0.3981643543223052,0.9444688674128836,0.7994543974931203,0.0285479071379147
Douban-movie,MF,IPS,22,20,23425,10947,0.4982283884738527,0.9186717229488076,0.7737398207181987,0.0311685894825401
Douban-movie,MF,PDA,20,20,23425,10947,0.1057844183564567,0.9935092873502572,0.7442882808736565,0.1084134187462246
Douban-movie,MF,PDA,21,20,23425,10947,0.1318676627534685,0.9912191230103636,0.7409359545236083,0.1033337468559445
Douban-movie,MF,PDA,22,20,23425,10947,0.1138954108858057,0.992968949549196,0.7408582363185122,0.1037989528582014
Douban-movie,MF,STFR,20,20,23425,10947,0.1313127001067235,0.989789391966084,0.7055490536226452,0.1136792942051503
Douban-movie,MF,STFR,21,20,23425,10947,0.1290074706510138,0.9901612548829672,0.7104071882150793,0.1093834810445661
Douban-movie,MF,STFR,22,20,23425,10947,0.1360939167556029,0.989511451654274,0.709515935645481,0.1039207983275157
Douban-movie,MF,TIDE,20,20,23425,10947,0.1369903948772678,0.9932446748615796,0.7070644904129152,0.1160632875286901
Douban-movie,MF,TIDE,21,20,23425,10947,0.1728495197438634,0.9909504412401696,0.7134143636532861,0.1117207080597502
Douban-movie,MF,TIDE,22,20,23425,10947,0.1539381003201707,0.992189606680641,0.7092032943032316,0.1153420769051374
Douban-movie,MF,base,20,20,23425,10947,0.3626040554962647,0.9413823027590296,0.7958934527746948,0.0330036241802599
Douban-movie,MF,base,21,20,23425,10947,0.3559871931696905,0.9436865487237966,0.798250675195488,0.0338028913611161
Douban-movie,MF,base,22,20,23425,10947,0.3382283884738527,0.9491304444554284,0.8049523568354707,0.0316602139286843
