L_days,backbone,method,seed,recall20,ndcg20,nalrp20,f,alpha,simgcl_lambda,log
15,LightGCN,STFR,20,0.15635,0.08179,0.59138,0.7,0.75,,log/runs/v3nob_final_Amazon-VG_b15_LightGCN_SFDmmNoB_f0.7a0.75_s20_test_k20.log
15,LightGCN,STFR,21,0.15059,0.07733,0.62703,0.7,0.75,,log/runs/v3nob_final_Amazon-VG_b15_LightGCN_SFDmmNoB_f0.7a0.75_s21_test_k20.log
15,LightGCN,STFR,22,0.1581,0.08116,0.54766,0.7,0.75,,log/runs/v3nob_final_Amazon-VG_b15_LightGCN_SFDmmNoB_f0.7a0.75_s22_test_k20.log
15,LightGCN,base,20,0.07134,0.03116,0.77494,,,,log/runs/v3_Amazon-VG_b15_LightGCN_base_s20_test_k20.log
15,LightGCN,base,21,0.07893,0.03376,0.77239,,,,log/runs/v3_Amazon-VG_b15_LightGCN_base_s21_test_k20.log
15,LightGCN,base,22,0.0758,0.03299,0.7742,,,,log/runs/v3_Amazon-VG_b15_LightGCN_base_s22_test_k20.log
15,MF,STFR,20,0.12705,0.06851,0.54702,0.7,1.0,,log/runs/v3nob_final_Amazon-VG_b15_MF_SFDmmNoB_f0.7a1.0_s20_test_k20.log
15,MF,STFR,21,0.13192,0.06869,0.56888,0.7,1.0,,log/runs/v3nob_final_Amazon-VG_b15_MF_SFDmmNoB_f0.7a1.0_s21_test_k20.log
15,MF,STFR,22,0.13251,0.06535,0.53457,0.7,1.0,,log/runs/v3nob_final_Amazon-VG_b15_MF_SFDmmNoB_f0.7a1.0_s22_test_k20.log
15,MF,base,20,0.06372,0.02772,0.69122,,,,log/runs/v3_Amazon-VG_b15_MF_base_s20_test_k20.log
15,MF,base,21,0.07486,0.03306,0.73133,,,,log/runs/v3_Amazon-VG_b15_MF_base_s21_test_k20.log
15,MF,base,22,0.06824,0.03257,0.69813,,,,log/runs/v3_Amazon-VG_b15_MF_base_s22_test_k20.log
15,SimGCL,STFR,20,0.13116,0.06988,0.63979,0.7,1.0,0.05,log/runs/v3nob_final_Amazon-VG_b15_SimGCL_SFDmmNoB_f0.7a1.0_s20_test_k20.log
15,SimGCL,STFR,21,0.12769,0.06874,0.63974,0.7,1.0,0.05,log/runs/v3nob_final_Amazon-VG_b15_SimGCL_SFDmmNoB_f0.7a1.0_s21_test_k20.log
15,SimGCL,STFR,22,0.14245,0.071,0.61453,0.7,1.0,0.05,log/runs/v3nob_final_Amazon-VG_b15_SimGCL_SFDmmNoB_f0.7a1.0_s22_test_k20.log
15,SimGCL,base,20,0.09777,0.04325,0.72996,,,0.05,log/runs/v3_Amazon-VG_b15_SimGCL_base_s20_test_k20.log
15,SimGCL,base,21,0.09702,0.04249,0.73768,,,0.05,log/runs/v3_Amazon-VG_b15_SimGCL_base_s21_test_k20.log
15,SimGCL,base,22,0.08744,0.03947,0.73769,,,0.05,log/runs/v3_Amazon-VG_b15_SimGCL_base_s22_test_k20.log
30,LightGCN,STFR,20,0.1301,0.06294,0.55912,0.7,1.0,,log/runs/v3nob_final_Amazon-VG_b30_LightGCN_SFDmmNoB_f0.7a1.0_s20_test_k20.log
30,LightGCN,STFR,21,0.1327,0.06485,0.64907,0.7,1.0,,log/runs/v3nob_final_Amazon-VG_b30_LightGCN_SFDmmNoB_f0.7a1.0_s21_test_k20.log
30,LightGCN,STFR,22,0.13597,0.06379,0.55924,0.7,1.0,,log/runs/v3nob_final_Amazon-VG_b30_LightGCN_SFDmmNoB_f0.7a1.0_s22_test_k20.log
30,LightGCN,base,20,0.07758,0.03455,0.77641,,,,log/runs/v3_Amazon-VG_b30_LightGCN_base_s20_test_k20.log
30,LightGCN,base,21,0.07916,0.03621,0.77585,,,,log/runs/v3_Amazon-VG_b30_LightGCN_base_s21_test_k20.log
30,LightGCN,base,22,0.08122,0.03599,0.77604,,,,log/runs/v3_Amazon-VG_b30_LightGCN_base_s22_test_k20.log
30,MF,STFR,20,0.10812,0.05047,0.53514,0.7,1.0,,log/runs/v3nob_final_Amazon-VG_b30_MF_SFDmmNoB_f0.7a1.0_s20_test_k20.log
30,MF,STFR,21,0.1076,0.05235,0.53744,0.7,1.0,,log/runs/v3nob_final_Amazon-VG_b30_MF_SFDmmNoB_f0.7a1.0_s21_test_k20.log
30,MF,STFR,22,0.11672,0.05362,0.56389,0.7,1.0,,log/runs/v3nob_final_Amazon-VG_b30_MF_SFDmmNoB_f0.7a1.0_s22_test_k20.log
30,MF,base,20,0.06245,0.02972,0.70402,,,,log/runs/v3_Amazon-VG_b30_MF_base_s20_test_k20.log
30,MF,base,21,0.06591,0.03082,0.68118,,,,log/runs/v3_Amazon-VG_b30_MF_base_s21_test_k20.log
30,MF,base,22,0.06454,0.02907,0.67579,,,,log/runs/v3_Amazon-VG_b30_MF_base_s22_test_k20.log
30,SimGCL,STFR,20,0.12221,0.05659,0.63099,0.9,1.0,0.1,log/runs/v3nob_final_Amazon-VG_b30_SimGCL_SFDmmNoB_f0.9a1.0_s20_test_k20.log
30,SimGCL,STFR,21,0.12037,0.05986,0.65257,0.9,1.0,0.1,log/runs/v3nob_final_Amazon-VG_b30_SimGCL_SFDmmNoB_f0.9a1.0_s21_test_k20.log
30,SimGCL,STFR,22,0.11041,0.05463,0.62909,0.9,1.0,0.1,log/runs/v3nob_final_Amazon-VG_b30_SimGCL_SFDmmNoB_f0.9a1.0_s22_test_k20.log
30,SimGCL,base,20,0.09566,0.04343,0.72274,,,0.1,log/runs/v3_Amazon-VG_b30_SimGCL_base_s20_test_k20.log
30,SimGCL,base,21,0.09649,0.04365,0.72674,,,0.1,log/runs/v3_Amazon-VG_b30_SimGCL_base_s21_test_k20.log
30,SimGCL,base,22,0.0973,0.04282,0.7217,,,0.1,log/runs/v3_Amazon-VG_b30_SimGCL_base_s22_test_k20.log
120,LightGCN,STFR,20,0.09711,0.04651,0.63774,0.7,1.0,,log/runs/v3nob_final_Amazon-VG_b120_LightGCN_SFDmmNoB_f0.7a1.0_s20_test_k20.log
120,LightGCN,STFR,21,0.09632,0.04579,0.62709,0.7,1.0,,log/runs/v3nob_final_Amazon-VG_b120_LightGCN_SFDmmNoB_f0.7a1.0_s21_test_k20.log
120,LightGCN,STFR,22,0.09374,0.04438,0.61122,0.7,1.0,,log/runs/v3nob_final_Amazon-VG_b120_LightGCN_SFDmmNoB_f0.7a1.0_s22_test_k20.log
120,LightGCN,base,20,0.06173,0.02899,0.77149,,,,log/runs/v3_Amazon-VG_b120_LightGCN_base_s20_test_k20.log
120,LightGCN,base,21,0.06117,0.02953,0.7719,,,,log/runs/v3_Amazon-VG_b120_LightGCN_base_s21_test_k20.log
120,LightGCN,base,22,0.06016,0.02855,0.77167,,,,log/runs/v3_Amazon-VG_b120_LightGCN_base_s22_test_k20.log
120,MF,STFR,20,0.0699,0.03256,0.66241,0.5,1.0,,log/runs/v3nob_final_Amazon-VG_b120_MF_SFDmmNoB_f0.5a1.0_s20_test_k20.log
120,MF,STFR,21,0.07712,0.03424,0.66176,0.5,1.0,,log/runs/v3nob_final_Amazon-VG_b120_MF_SFDmmNoB_f0.5a1.0_s21_test_k20.log
120,MF,STFR,22,0.0734,0.03473,0.64019,0.5,1.0,,log/runs/v3nob_final_Amazon-VG_b120_MF_SFDmmNoB_f0.5a1.0_s22_test_k20.log
120,MF,base,20,0.04587,0.02336,0.73293,,,,log/runs/v3_Amazon-VG_b120_MF_base_s20_test_k20.log
120,MF,base,21,0.05452,0.02557,0.73363,,,,log/runs/v3_Amazon-VG_b120_MF_base_s21_test_k20.log
120,MF,base,22,0.05307,0.02645,0.65154,,,,log/runs/v3_Amazon-VG_b120_MF_base_s22_test_k20.log
120,SimGCL,STFR,20,0.08462,0.04045,0.63007,0.9,1.0,0.05,log/runs/v3nob_final_Amazon-VG_b120_SimGCL_SFDmmNoB_f0.9a1.0_s20_test_k20.log
120,SimGCL,STFR,21,0.08981,0.04264,0.64436,0.9,1.0,0.05,log/runs/v3nob_final_Amazon-VG_b120_SimGCL_SFDmmNoB_f0.9a1.0_s21_test_k20.log
120,SimGCL,STFR,22,0.08464,0.04038,0.62573,0.9,1.0,0.05,log/runs/v3nob_final_Amazon-VG_b120_SimGCL_SFDmmNoB_f0.9a1.0_s22_test_k20.log
120,SimGCL,base,20,0.06792,0.03203,0.73431,,,0.05,log/runs/v3_Amazon-VG_b120_SimGCL_base_s20_test_k20.log
120,SimGCL,base,21,0.06596,0.03211,0.73286,,,0.05,log/runs/v3_Amazon-VG_b120_SimGCL_base_s21_test_k20.log
120,SimGCL,base,22,0.06667,0.03193,0.72962,,,0.05,log/runs/v3_Amazon-VG_b120_SimGCL_base_s22_test_k20.log
