dataset,backbone,method,seed,nalrp20,log
Amazon-Movies,LightGCN,CausalEPP,20,0.83379,log/runs/v3_Amazon-Movies_LightGCN_final_CausalEPP_CEPP_sm256a0.25_s20_test_k20_train.log
Amazon-Movies,LightGCN,CausalEPP,21,0.83454,log/runs/v3_Amazon-Movies_LightGCN_final_CausalEPP_CEPP_sm256a0.25_s21_test_k20_train.log
Amazon-Movies,LightGCN,CausalEPP,22,0.83496,log/runs/v3_Amazon-Movies_LightGCN_final_CausalEPP_CEPP_sm256a0.25_s22_test_k20_train.log
Amazon-Movies,LightGCN,DDC,20,0.8153,log/runs/v3_Amazon-Movies_LightGCN_final_DDC_DDC_k0.7_s20_test_k20_train.log
Amazon-Movies,LightGCN,DDC,21,0.84743,log/runs/v3_Amazon-Movies_LightGCN_final_DDC_DDC_k0.7_s21_test_k20_train.log
Amazon-Movies,LightGCN,DDC,22,0.81686,log/runs/v3_Amazon-Movies_LightGCN_final_DDC_DDC_k0.7_s22_test_k20_train.log
Amazon-Movies,LightGCN,DICE,20,0.66482,log/runs/v3_Amazon-Movies_LightGCN_final_DICE_DICE_a0.1_s20_test_k20_train.log
Amazon-Movies,LightGCN,DICE,21,0.66745,log/runs/v3_Amazon-Movies_LightGCN_final_DICE_DICE_a0.1_s21_test_k20_train.log
Amazon-Movies,LightGCN,DICE,22,0.66287,log/runs/v3_Amazon-Movies_LightGCN_final_DICE_DICE_a0.1_s22_test_k20_train.log
Amazon-Movies,LightGCN,IPS,20,0.79947,log/runs/v3_Amazon-Movies_LightGCN_final_IPS_IPS_l50_s20_test_k20_train.log
Amazon-Movies,LightGCN,IPS,21,0.79894,log/runs/v3_Amazon-Movies_LightGCN_final_IPS_IPS_l50_s21_test_k20_train.log
Amazon-Movies,LightGCN,IPS,22,0.79996,log/runs/v3_Amazon-Movies_LightGCN_final_IPS_IPS_l50_s22_test_k20_train.log
Amazon-Movies,LightGCN,PDA,20,0.8812,log/runs/v3_Amazon-Movies_LightGCN_final_PDA_g0.25a0.2_s20_test_k20_train.log
Amazon-Movies,LightGCN,PDA,21,0.88023,log/runs/v3_Amazon-Movies_LightGCN_final_PDA_g0.25a0.2_s21_test_k20_train.log
Amazon-Movies,LightGCN,PDA,22,0.88005,log/runs/v3_Amazon-Movies_LightGCN_final_PDA_g0.25a0.2_s22_test_k20_train.log
Amazon-Movies,LightGCN,STFR,20,0.74561,log/runs/v3nob_final_Amazon-Movies_LightGCN_SFDmmNoB_f0.3a0.5_s20_test_k20.log
Amazon-Movies,LightGCN,STFR,21,0.74496,log/runs/v3nob_final_Amazon-Movies_LightGCN_SFDmmNoB_f0.3a0.5_s21_test_k20.log
Amazon-Movies,LightGCN,STFR,22,0.75119,log/runs/v3nob_final_Amazon-Movies_LightGCN_SFDmmNoB_f0.3a0.5_s22_test_k20.log
Amazon-Movies,LightGCN,TIDE,20,0.80116,log/runs/v3_Amazon-Movies_LightGCN_final_TIDE_TIDE_q-1b-5_tau3000000_s20_test_k20_train.log
Amazon-Movies,LightGCN,TIDE,21,0.78184,log/runs/v3_Amazon-Movies_LightGCN_final_TIDE_TIDE_q-1b-5_tau3000000_s21_test_k20_train.log
Amazon-Movies,LightGCN,TIDE,22,0.77999,log/runs/v3_Amazon-Movies_LightGCN_final_TIDE_TIDE_q-1b-5_tau3000000_s22_test_k20_train.log
Amazon-Movies,LightGCN,base,20,0.81985,log/runs/v3_Amazon-Movies_LightGCN_base_s20_test_k20_train.log
Amazon-Movies,LightGCN,base,21,0.82316,log/runs/v3_Amazon-Movies_LightGCN_base_s21_test_k20_train.log
Amazon-Movies,LightGCN,base,22,0.82342,log/runs/v3_Amazon-Movies_LightGCN_base_s22_test_k20_train.log
Amazon-Movies,MF,CausalEPP,20,0.67955,log/runs/v3_Amazon-Movies_MF_final_CausalEPP_CEPP_sm1024a0.25_s20_test_k20_train.log
Amazon-Movies,MF,CausalEPP,21,0.68467,log/runs/v3_Amazon-Movies_MF_final_CausalEPP_CEPP_sm1024a0.25_s21_test_k20_train.log
Amazon-Movies,MF,CausalEPP,22,0.67999,log/runs/v3_Amazon-Movies_MF_final_CausalEPP_CEPP_sm1024a0.25_s22_test_k20_train.log
Amazon-Movies,MF,DDC,20,0.75779,log/runs/v3_Amazon-Movies_MF_final_DDC_DDC_k0.7_s20_test_k20_train.log
Amazon-Movies,MF,DDC,21,0.75219,log/runs/v3_Amazon-Movies_MF_final_DDC_DDC_k0.7_s21_test_k20_train.log
Amazon-Movies,MF,DDC,22,0.7483,log/runs/v3_Amazon-Movies_MF_final_DDC_DDC_k0.7_s22_test_k20_train.log
Amazon-Movies,MF,DICE,20,0.65674,log/runs/v3_Amazon-Movies_MF_final_DICE_DICE_a0.2_s20_test_k20_train.log
Amazon-Movies,MF,DICE,21,0.65721,log/runs/v3_Amazon-Movies_MF_final_DICE_DICE_a0.2_s21_test_k20_train.log
Amazon-Movies,MF,DICE,22,0.65126,log/runs/v3_Amazon-Movies_MF_final_DICE_DICE_a0.2_s22_test_k20_train.log
Amazon-Movies,MF,IPS,20,0.80523,log/runs/v3_Amazon-Movies_MF_final_IPS_IPS_l30_s20_test_k20_train.log
Amazon-Movies,MF,IPS,21,0.80328,log/runs/v3_Amazon-Movies_MF_final_IPS_IPS_l30_s21_test_k20_train.log
Amazon-Movies,MF,IPS,22,0.80564,log/runs/v3_Amazon-Movies_MF_final_IPS_IPS_l30_s22_test_k20_train.log
Amazon-Movies,MF,PDA,20,0.75884,log/runs/v3_Amazon-Movies_MF_final_PDA_g0.25a0.2_s20_test_k20_train.log
Amazon-Movies,MF,PDA,21,0.75115,log/runs/v3_Amazon-Movies_MF_final_PDA_g0.25a0.2_s21_test_k20_train.log
Amazon-Movies,MF,PDA,22,0.75725,log/runs/v3_Amazon-Movies_MF_final_PDA_g0.25a0.2_s22_test_k20_train.log
Amazon-Movies,MF,STFR,20,0.71821,log/runs/v3nob_final_Amazon-Movies_MF_SFDmmNoB_f0.3a0.5_s20_test_k20.log
Amazon-Movies,MF,STFR,21,0.71909,log/runs/v3nob_final_Amazon-Movies_MF_SFDmmNoB_f0.3a0.5_s21_test_k20.log
Amazon-Movies,MF,STFR,22,0.71535,log/runs/v3nob_final_Amazon-Movies_MF_SFDmmNoB_f0.3a0.5_s22_test_k20.log
Amazon-Movies,MF,TIDE,20,0.72785,log/runs/v3_Amazon-Movies_MF_final_TIDE_TIDE_q-1b-5_tau3000000_s20_test_k20_train.log
Amazon-Movies,MF,TIDE,21,0.72864,log/runs/v3_Amazon-Movies_MF_final_TIDE_TIDE_q-1b-5_tau3000000_s21_test_k20_train.log
Amazon-Movies,MF,TIDE,22,0.71972,log/runs/v3_Amazon-Movies_MF_final_TIDE_TIDE_q-1b-5_tau3000000_s22_test_k20_train.log
Amazon-Movies,MF,base,20,0.78539,log/runs/v3_Amazon-Movies_MF_base_s20_test_k20_train.log
Amazon-Movies,MF,base,21,0.7934,log/runs/v3_Amazon-Movies_MF_base_s21_test_k20_train.log
Amazon-Movies,MF,base,22,0.78842,log/runs/v3_Amazon-Movies_MF_base_s22_test_k20_train.log
Amazon-Movies,SimGCL,CausalEPP,20,0.76959,log/runs/v3_Amazon-Movies_SimGCL_final_CausalEPP_CEPP_sm64a1.0_s20_test_k20_train.log
Amazon-Movies,SimGCL,CausalEPP,21,0.76985,log/runs/v3_Amazon-Movies_SimGCL_final_CausalEPP_CEPP_sm64a1.0_s21_test_k20_train.log
Amazon-Movies,SimGCL,CausalEPP,22,0.7707,log/runs/v3_Amazon-Movies_SimGCL_final_CausalEPP_CEPP_sm64a1.0_s22_test_k20_train.log
Amazon-Movies,SimGCL,DDC,20,0.8005,log/runs/v3_Amazon-Movies_SimGCL_final_DDC_DDC_k0.7_s20_test_k20_train.log
Amazon-Movies,SimGCL,DDC,21,0.80026,log/runs/v3_Amazon-Movies_SimGCL_final_DDC_DDC_k0.7_s21_test_k20_train.log
Amazon-Movies,SimGCL,DDC,22,0.80094,log/runs/v3_Amazon-Movies_SimGCL_final_DDC_DDC_k0.7_s22_test_k20_train.log
Amazon-Movies,SimGCL,DICE,20,0.67149,log/runs/v3_Amazon-Movies_SimGCL_final_DICE_DICE_a0.05_s20_test_k20_train.log
Amazon-Movies,SimGCL,DICE,21,0.67264,log/runs/v3_Amazon-Movies_SimGCL_final_DICE_DICE_a0.05_s21_test_k20_train.log
Amazon-Movies,SimGCL,DICE,22,0.67202,log/runs/v3_Amazon-Movies_SimGCL_final_DICE_DICE_a0.05_s22_test_k20_train.log
Amazon-Movies,SimGCL,IPS,20,0.75664,log/runs/v3_Amazon-Movies_SimGCL_final_IPS_IPS_l10_s20_test_k20_train.log
Amazon-Movies,SimGCL,IPS,21,0.75887,log/runs/v3_Amazon-Movies_SimGCL_final_IPS_IPS_l10_s21_test_k20_train.log
Amazon-Movies,SimGCL,IPS,22,0.75699,log/runs/v3_Amazon-Movies_SimGCL_final_IPS_IPS_l10_s22_test_k20_train.log
Amazon-Movies,SimGCL,PDA,20,0.81197,log/runs/v3_Amazon-Movies_SimGCL_final_PDA_g0.25a0.2_s20_test_k20_train.log
Amazon-Movies,SimGCL,PDA,21,0.8111,log/runs/v3_Amazon-Movies_SimGCL_final_PDA_g0.25a0.2_s21_test_k20_train.log
Amazon-Movies,SimGCL,PDA,22,0.81044,log/runs/v3_Amazon-Movies_SimGCL_final_PDA_g0.25a0.2_s22_test_k20_train.log
Amazon-Movies,SimGCL,STFR,20,0.73905,log/runs/v3nob_final_Amazon-Movies_SimGCL_SFDmmNoB_f0.5a0.5_s20_test_k20.log
Amazon-Movies,SimGCL,STFR,21,0.73809,log/runs/v3nob_final_Amazon-Movies_SimGCL_SFDmmNoB_f0.5a0.5_s21_test_k20.log
Amazon-Movies,SimGCL,STFR,22,0.73681,log/runs/v3nob_final_Amazon-Movies_SimGCL_SFDmmNoB_f0.5a0.5_s22_test_k20.log
Amazon-Movies,SimGCL,TIDE,20,0.77691,log/runs/v3_Amazon-Movies_SimGCL_final_TIDE_TIDE_q-1b-5_tau3000000_s20_test_k20_train.log
Amazon-Movies,SimGCL,TIDE,21,0.77278,log/runs/v3_Amazon-Movies_SimGCL_final_TIDE_TIDE_q-1b-5_tau3000000_s21_test_k20_train.log
Amazon-Movies,SimGCL,TIDE,22,0.77424,log/runs/v3_Amazon-Movies_SimGCL_final_TIDE_TIDE_q-1b-5_tau3000000_s22_test_k20_train.log
Amazon-Movies,SimGCL,base,20,0.77,log/runs/v3_Amazon-Movies_SimGCL_base_s20_test_k20_train.log
Amazon-Movies,SimGCL,base,21,0.77033,log/runs/v3_Amazon-Movies_SimGCL_base_s21_test_k20_train.log
Amazon-Movies,SimGCL,base,22,0.77031,log/runs/v3_Amazon-Movies_SimGCL_base_s22_test_k20_train.log
Amazon-VG,LightGCN,CausalEPP,20,0.79719,log/runs/v3_Amazon-VG_LightGCN_final_CausalEPP_CEPP_sm256a1.0_s20_test_k20_train.log
Amazon-VG,LightGCN,CausalEPP,21,0.79344,log/runs/v3_Amazon-VG_LightGCN_final_CausalEPP_CEPP_sm256a1.0_s21_test_k20_train.log
Amazon-VG,LightGCN,CausalEPP,22,0.79443,log/runs/v3_Amazon-VG_LightGCN_final_CausalEPP_CEPP_sm256a1.0_s22_test_k20_train.log
Amazon-VG,LightGCN,DDC,20,0.75964,log/runs/v3_Amazon-VG_LightGCN_final_DDC_DDC_k0.7_s20_test_k20_train.log
Amazon-VG,LightGCN,DDC,21,0.76479,log/runs/v3_Amazon-VG_LightGCN_final_DDC_DDC_k0.7_s21_test_k20_train.log
Amazon-VG,LightGCN,DDC,22,0.77173,log/runs/v3_Amazon-VG_LightGCN_final_DDC_DDC_k0.7_s22_test_k20_train.log
Amazon-VG,LightGCN,DICE,20,0.61165,log/runs/v3_Amazon-VG_LightGCN_final_DICE_DICE_a0.05_s20_test_k20_train.log
Amazon-VG,LightGCN,DICE,21,0.67341,log/runs/v3_Amazon-VG_LightGCN_final_DICE_DICE_a0.05_s21_test_k20_train.log
Amazon-VG,LightGCN,DICE,22,0.67114,log/runs/v3_Amazon-VG_LightGCN_final_DICE_DICE_a0.05_s22_test_k20_train.log
Amazon-VG,LightGCN,IPS,20,0.69158,log/runs/v3_Amazon-VG_LightGCN_final_IPS_IPS_l50_s20_test_k20_train.log
Amazon-VG,LightGCN,IPS,21,0.67808,log/runs/v3_Amazon-VG_LightGCN_final_IPS_IPS_l50_s21_test_k20_train.log
Amazon-VG,LightGCN,IPS,22,0.74497,log/runs/v3_Amazon-VG_LightGCN_final_IPS_IPS_l50_s22_test_k20_train.log
Amazon-VG,LightGCN,PDA,20,0.82793,log/runs/v3_Amazon-VG_LightGCN_final_PDA_g0.25a0.2_s20_test_k20_train.log
Amazon-VG,LightGCN,PDA,21,0.82652,log/runs/v3_Amazon-VG_LightGCN_final_PDA_g0.25a0.2_s21_test_k20_train.log
Amazon-VG,LightGCN,PDA,22,0.8264,log/runs/v3_Amazon-VG_LightGCN_final_PDA_g0.25a0.2_s22_test_k20_train.log
Amazon-VG,LightGCN,STFR,20,0.60746,log/runs/v3nob_final_Amazon-VG_LightGCN_SFDmmNoB_f0.7a1.0_s20_test_k20.log
Amazon-VG,LightGCN,STFR,21,0.60671,log/runs/v3nob_final_Amazon-VG_LightGCN_SFDmmNoB_f0.7a1.0_s21_test_k20.log
Amazon-VG,LightGCN,STFR,22,0.64325,log/runs/v3nob_final_Amazon-VG_LightGCN_SFDmmNoB_f0.7a1.0_s22_test_k20.log
Amazon-VG,LightGCN,TIDE,20,0.73403,log/runs/v3_Amazon-VG_LightGCN_final_TIDE_TIDE_q-1b-5_tau3000000_s20_test_k20_train.log
Amazon-VG,LightGCN,TIDE,21,0.76676,log/runs/v3_Amazon-VG_LightGCN_final_TIDE_TIDE_q-1b-5_tau3000000_s21_test_k20_train.log
Amazon-VG,LightGCN,TIDE,22,0.76445,log/runs/v3_Amazon-VG_LightGCN_final_TIDE_TIDE_q-1b-5_tau3000000_s22_test_k20_train.log
Amazon-VG,LightGCN,base,20,0.77187,log/runs/v3_Amazon-VG_LightGCN_base_s20_test_k20_train.log
Amazon-VG,LightGCN,base,21,0.77254,log/runs/v3_Amazon-VG_LightGCN_base_s21_test_k20_train.log
Amazon-VG,LightGCN,base,22,0.77224,log/runs/v3_Amazon-VG_LightGCN_base_s22_test_k20_train.log
Amazon-VG,MF,CausalEPP,20,0.7398,log/runs/v3_Amazon-VG_MF_final_CausalEPP_CEPP_sm1024a1.0_s20_test_k20_train.log
Amazon-VG,MF,CausalEPP,21,0.72818,log/runs/v3_Amazon-VG_MF_final_CausalEPP_CEPP_sm1024a1.0_s21_test_k20_train.log
Amazon-VG,MF,CausalEPP,22,0.7535,log/runs/v3_Amazon-VG_MF_final_CausalEPP_CEPP_sm1024a1.0_s22_test_k20_train.log
Amazon-VG,MF,DDC,20,0.69887,log/runs/v3_Amazon-VG_MF_final_DDC_DDC_k0.3_s20_test_k20_train.log
Amazon-VG,MF,DDC,21,0.7316,log/runs/v3_Amazon-VG_MF_final_DDC_DDC_k0.3_s21_test_k20_train.log
Amazon-VG,MF,DDC,22,0.6724,log/runs/v3_Amazon-VG_MF_final_DDC_DDC_k0.3_s22_test_k20_train.log
Amazon-VG,MF,DICE,20,0.57655,log/runs/v3_Amazon-VG_MF_final_DICE_DICE_a0.05_s20_test_k20_train.log
Amazon-VG,MF,DICE,21,0.59981,log/runs/v3_Amazon-VG_MF_final_DICE_DICE_a0.05_s21_test_k20_train.log
Amazon-VG,MF,DICE,22,0.5845,log/runs/v3_Amazon-VG_MF_final_DICE_DICE_a0.05_s22_test_k20_train.log
Amazon-VG,MF,IPS,20,0.69573,log/runs/v3_Amazon-VG_MF_final_IPS_IPS_l10_s20_test_k20_train.log
Amazon-VG,MF,IPS,21,0.69183,log/runs/v3_Amazon-VG_MF_final_IPS_IPS_l10_s21_test_k20_train.log
Amazon-VG,MF,IPS,22,0.65418,log/runs/v3_Amazon-VG_MF_final_IPS_IPS_l10_s22_test_k20_train.log
Amazon-VG,MF,PDA,20,0.69523,log/runs/v3_Amazon-VG_MF_final_PDA_g0.25a0.2_s20_test_k20_train.log
Amazon-VG,MF,PDA,21,0.70134,log/runs/v3_Amazon-VG_MF_final_PDA_g0.25a0.2_s21_test_k20_train.log
Amazon-VG,MF,PDA,22,0.68527,log/runs/v3_Amazon-VG_MF_final_PDA_g0.25a0.2_s22_test_k20_train.log
Amazon-VG,MF,STFR,20,0.60183,log/runs/v3nob_final_Amazon-VG_MF_SFDmmNoB_f0.7a0.75_s20_test_k20.log
Amazon-VG,MF,STFR,21,0.61039,log/runs/v3nob_final_Amazon-VG_MF_SFDmmNoB_f0.7a0.75_s21_test_k20.log
Amazon-VG,MF,STFR,22,0.57252,log/runs/v3nob_final_Amazon-VG_MF_SFDmmNoB_f0.7a0.75_s22_test_k20.log
Amazon-VG,MF,TIDE,20,0.64308,log/runs/v3_Amazon-VG_MF_final_TIDE_TIDE_qdefaultbdefault_tau3000000_s20_test_k20_train.log
Amazon-VG,MF,TIDE,21,0.68067,log/runs/v3_Amazon-VG_MF_final_TIDE_TIDE_qdefaultbdefault_tau3000000_s21_test_k20_train.log
Amazon-VG,MF,TIDE,22,0.67265,log/runs/v3_Amazon-VG_MF_final_TIDE_TIDE_qdefaultbdefault_tau3000000_s22_test_k20_train.log
Amazon-VG,MF,base,20,0.69878,log/runs/v3_Amazon-VG_MF_base_s20_test_k20_train.log
Amazon-VG,MF,base,21,0.73226,log/runs/v3_Amazon-VG_MF_base_s21_test_k20_train.log
Amazon-VG,MF,base,22,0.67133,log/runs/v3_Amazon-VG_MF_base_s22_test_k20_train.log
Amazon-VG,SimGCL,CausalEPP,20,0.72215,log/runs/v3_Amazon-VG_SimGCL_final_CausalEPP_CEPP_sm64a0.25_s20_test_k20_train.log
Amazon-VG,SimGCL,CausalEPP,21,0.7243,log/runs/v3_Amazon-VG_SimGCL_final_CausalEPP_CEPP_sm64a0.25_s21_test_k20_train.log
Amazon-VG,SimGCL,CausalEPP,22,0.7208,log/runs/v3_Amazon-VG_SimGCL_final_CausalEPP_CEPP_sm64a0.25_s22_test_k20_train.log
Amazon-VG,SimGCL,DDC,20,0.74064,log/runs/v3_Amazon-VG_SimGCL_final_DDC_DDC_k0.3_s20_test_k20_train.log
Amazon-VG,SimGCL,DDC,21,0.74003,log/runs/v3_Amazon-VG_SimGCL_final_DDC_DDC_k0.3_s21_test_k20_train.log
Amazon-VG,SimGCL,DDC,22,0.73747,log/runs/v3_Amazon-VG_SimGCL_final_DDC_DDC_k0.3_s22_test_k20_train.log
Amazon-VG,SimGCL,DICE,20,0.60875,log/runs/v3_Amazon-VG_SimGCL_final_DICE_DICE_a0.05_s20_test_k20_train.log
Amazon-VG,SimGCL,DICE,21,0.60792,log/runs/v3_Amazon-VG_SimGCL_final_DICE_DICE_a0.05_s21_test_k20_train.log
Amazon-VG,SimGCL,DICE,22,0.60971,log/runs/v3_Amazon-VG_SimGCL_final_DICE_DICE_a0.05_s22_test_k20_train.log
Amazon-VG,SimGCL,IPS,20,0.68185,log/runs/v3_Amazon-VG_SimGCL_final_IPS_IPS_l30_s20_test_k20_train.log
Amazon-VG,SimGCL,IPS,21,0.70796,log/runs/v3_Amazon-VG_SimGCL_final_IPS_IPS_l30_s21_test_k20_train.log
Amazon-VG,SimGCL,IPS,22,0.72278,log/runs/v3_Amazon-VG_SimGCL_final_IPS_IPS_l30_s22_test_k20_train.log
Amazon-VG,SimGCL,PDA,20,0.7452,log/runs/v3_Amazon-VG_SimGCL_final_PDA_g0.25a0.2_s20_test_k20_train.log
Amazon-VG,SimGCL,PDA,21,0.74601,log/runs/v3_Amazon-VG_SimGCL_final_PDA_g0.25a0.2_s21_test_k20_train.log
Amazon-VG,SimGCL,PDA,22,0.74476,log/runs/v3_Amazon-VG_SimGCL_final_PDA_g0.25a0.2_s22_test_k20_train.log
Amazon-VG,SimGCL,STFR,20,0.69176,log/runs/v3nob_final_Amazon-VG_SimGCL_SFDmmNoB_f0.7a0.75_s20_test_k20.log
Amazon-VG,SimGCL,STFR,21,0.69168,log/runs/v3nob_final_Amazon-VG_SimGCL_SFDmmNoB_f0.7a0.75_s21_test_k20.log
Amazon-VG,SimGCL,STFR,22,0.6899,log/runs/v3nob_final_Amazon-VG_SimGCL_SFDmmNoB_f0.7a0.75_s22_test_k20.log
Amazon-VG,SimGCL,TIDE,20,0.71705,log/runs/v3_Amazon-VG_SimGCL_final_TIDE_TIDE_q-1b-3_tau3000000_s20_test_k20_train.log
Amazon-VG,SimGCL,TIDE,21,0.72178,log/runs/v3_Amazon-VG_SimGCL_final_TIDE_TIDE_q-1b-3_tau3000000_s21_test_k20_train.log
Amazon-VG,SimGCL,TIDE,22,0.71831,log/runs/v3_Amazon-VG_SimGCL_final_TIDE_TIDE_q-1b-3_tau3000000_s22_test_k20_train.log
Amazon-VG,SimGCL,base,20,0.72152,log/runs/v3_Amazon-VG_SimGCL_base_s20_test_k20_train.log
Amazon-VG,SimGCL,base,21,0.72239,log/runs/v3_Amazon-VG_SimGCL_base_s21_test_k20_train.log
Amazon-VG,SimGCL,base,22,0.71927,log/runs/v3_Amazon-VG_SimGCL_base_s22_test_k20_train.log
Douban-movie,LightGCN,CausalEPP,20,0.91785,log/runs/v3_Douban-movie_LightGCN_final_CausalEPP_CEPP_sm256a0.25_s20_test_k20_train.log
Douban-movie,LightGCN,CausalEPP,21,0.91707,log/runs/v3_Douban-movie_LightGCN_final_CausalEPP_CEPP_sm256a0.25_s21_test_k20_train.log
Douban-movie,LightGCN,CausalEPP,22,0.91764,log/runs/v3_Douban-movie_LightGCN_final_CausalEPP_CEPP_sm256a0.25_s22_test_k20_train.log
Douban-movie,LightGCN,DDC,20,0.91287,log/runs/v3_Douban-movie_LightGCN_final_DDC_DDC_k0.7_s20_test_k20_train.log
Douban-movie,LightGCN,DDC,21,0.91285,log/runs/v3_Douban-movie_LightGCN_final_DDC_DDC_k0.7_s21_test_k20_train.log
Douban-movie,LightGCN,DDC,22,0.91411,log/runs/v3_Douban-movie_LightGCN_final_DDC_DDC_k0.7_s22_test_k20_train.log
Douban-movie,LightGCN,DICE,20,0.68162,log/runs/v3_Douban-movie_LightGCN_final_DICE_DICE_a0.2_s20_test_k20_train.log
Douban-movie,LightGCN,DICE,21,0.68239,log/runs/v3_Douban-movie_LightGCN_final_DICE_DICE_a0.2_s21_test_k20_train.log
Douban-movie,LightGCN,DICE,22,0.71717,log/runs/v3_Douban-movie_LightGCN_final_DICE_DICE_a0.2_s22_test_k20_train.log
Douban-movie,LightGCN,IPS,20,0.85791,log/runs/v3_Douban-movie_LightGCN_final_IPS_IPS_l10_s20_test_k20_train.log
Douban-movie,LightGCN,IPS,21,0.80365,log/runs/v3_Douban-movie_LightGCN_final_IPS_IPS_l10_s21_test_k20_train.log
Douban-movie,LightGCN,IPS,22,0.77522,log/runs/v3_Douban-movie_LightGCN_final_IPS_IPS_l10_s22_test_k20_train.log
Douban-movie,LightGCN,PDA,20,0.89945,log/runs/v3_Douban-movie_LightGCN_final_PDA_g0.25a0.1_s20_test_k20_train.log
Douban-movie,LightGCN,PDA,21,0.90047,log/runs/v3_Douban-movie_LightGCN_final_PDA_g0.25a0.1_s21_test_k20_train.log
Douban-movie,LightGCN,PDA,22,0.90005,log/runs/v3_Douban-movie_LightGCN_final_PDA_g0.25a0.1_s22_test_k20_train.log
Douban-movie,LightGCN,STFR,20,0.69514,log/runs/v3nob_final_Douban-movie_LightGCN_SFDmmNoB_f0.3a0.75_s20_test_k20.log
Douban-movie,LightGCN,STFR,21,0.70323,log/runs/v3nob_final_Douban-movie_LightGCN_SFDmmNoB_f0.3a0.75_s21_test_k20.log
Douban-movie,LightGCN,STFR,22,0.69793,log/runs/v3nob_final_Douban-movie_LightGCN_SFDmmNoB_f0.3a0.75_s22_test_k20.log
Douban-movie,LightGCN,TIDE,20,0.83799,log/runs/v3_Douban-movie_LightGCN_final_TIDE_TIDE_qdefaultbdefault_tau3000000_s20_test_k20_train.log
Douban-movie,LightGCN,TIDE,21,0.81958,log/runs/v3_Douban-movie_LightGCN_final_TIDE_TIDE_qdefaultbdefault_tau3000000_s21_test_k20_train.log
Douban-movie,LightGCN,TIDE,22,0.84011,log/runs/v3_Douban-movie_LightGCN_final_TIDE_TIDE_qdefaultbdefault_tau3000000_s22_test_k20_train.log
Douban-movie,LightGCN,base,20,0.91341,log/runs/v3_Douban-movie_LightGCN_base_s20_test_k20_train.log
Douban-movie,LightGCN,base,21,0.9134,log/runs/v3_Douban-movie_LightGCN_base_s21_test_k20_train.log
Douban-movie,LightGCN,base,22,0.91201,log/runs/v3_Douban-movie_LightGCN_base_s22_test_k20_train.log
Douban-movie,MF,CausalEPP,20,0.79611,log/runs/v3_Douban-movie_MF_final_CausalEPP_CEPP_sm256a1.0_s20_test_k20_train.log
Douban-movie,MF,CausalEPP,21,0.80961,log/runs/v3_Douban-movie_MF_final_CausalEPP_CEPP_sm256a1.0_s21_test_k20_train.log
Douban-movie,MF,CausalEPP,22,0.79993,log/runs/v3_Douban-movie_MF_final_CausalEPP_CEPP_sm256a1.0_s22_test_k20_train.log
Douban-movie,MF,DDC,20,0.79223,log/runs/v3_Douban-movie_MF_final_DDC_DDC_k0.7_s20_test_k20_train.log
Douban-movie,MF,DDC,21,0.79692,log/runs/v3_Douban-movie_MF_final_DDC_DDC_k0.7_s21_test_k20_train.log
Douban-movie,MF,DDC,22,0.80301,log/runs/v3_Douban-movie_MF_final_DDC_DDC_k0.7_s22_test_k20_train.log
Douban-movie,MF,DICE,20,0.68037,log/runs/v3_Douban-movie_MF_final_DICE_DICE_a0.2_s20_test_k20_train.log
Douban-movie,MF,DICE,21,0.69986,log/runs/v3_Douban-movie_MF_final_DICE_DICE_a0.2_s21_test_k20_train.log
Douban-movie,MF,DICE,22,0.68102,log/runs/v3_Douban-movie_MF_final_DICE_DICE_a0.2_s22_test_k20_train.log
Douban-movie,MF,IPS,20,0.73878,log/runs/v3_Douban-movie_MF_final_IPS_IPS_l10_s20_test_k20_train.log
Douban-movie,MF,IPS,21,0.79945,log/runs/v3_Douban-movie_MF_final_IPS_IPS_l10_s21_test_k20_train.log
Douban-movie,MF,IPS,22,0.77374,log/runs/v3_Douban-movie_MF_final_IPS_IPS_l10_s22_test_k20_train.log
Douban-movie,MF,PDA,20,0.74429,log/runs/v3_Douban-movie_MF_final_PDA_g0.1a0.2_s20_test_k20_train.log
Douban-movie,MF,PDA,21,0.74094,log/runs/v3_Douban-movie_MF_final_PDA_g0.1a0.2_s21_test_k20_train.log
Douban-movie,MF,PDA,22,0.74086,log/runs/v3_Douban-movie_MF_final_PDA_g0.1a0.2_s22_test_k20_train.log
Douban-movie,MF,STFR,20,0.70555,log/runs/v3nob_final_Douban-movie_MF_SFDmmNoB_f0.9a0.5_s20_test_k20.log
Douban-movie,MF,STFR,21,0.71041,log/runs/v3nob_final_Douban-movie_MF_SFDmmNoB_f0.9a0.5_s21_test_k20.log
Douban-movie,MF,STFR,22,0.70952,log/runs/v3nob_final_Douban-movie_MF_SFDmmNoB_f0.9a0.5_s22_test_k20.log
Douban-movie,MF,TIDE,20,0.70706,log/runs/v3_Douban-movie_MF_final_TIDE_TIDE_qdefaultbdefault_tau10000000_s20_test_k20_train.log
Douban-movie,MF,TIDE,21,0.71341,log/runs/v3_Douban-movie_MF_final_TIDE_TIDE_qdefaultbdefault_tau10000000_s21_test_k20_train.log
Douban-movie,MF,TIDE,22,0.7092,log/runs/v3_Douban-movie_MF_final_TIDE_TIDE_qdefaultbdefault_tau10000000_s22_test_k20_train.log
Douban-movie,MF,base,20,0.79589,log/runs/v3_Douban-movie_MF_base_s20_test_k20_train.log
Douban-movie,MF,base,21,0.79825,log/runs/v3_Douban-movie_MF_base_s21_test_k20_train.log
Douban-movie,MF,base,22,0.80495,log/runs/v3_Douban-movie_MF_base_s22_test_k20_train.log
