dataset,backbone,method,seed,recall20,ndcg20,log
Amazon-VG,MF,base,20,0.04886,0.02475,log/runs/v3_Amazon-VG_MF_base_s20_test_k20_train.log
Amazon-VG,MF,base,21,0.05589,0.02607,log/runs/v3_Amazon-VG_MF_base_s21_test_k20_train.log
Amazon-VG,MF,base,22,0.05435,0.02601,log/runs/v3_Amazon-VG_MF_base_s22_test_k20_train.log
Amazon-VG,MF,IPS,20,0.04832,0.02365,log/runs/v3_Amazon-VG_MF_final_IPS_IPS_l10_s20_test_k20_train.log
Amazon-VG,MF,IPS,21,0.05339,0.02508,log/runs/v3_Amazon-VG_MF_final_IPS_IPS_l10_s21_test_k20_train.log
Amazon-VG,MF,IPS,22,0.054,0.02484,log/runs/v3_Amazon-VG_MF_final_IPS_IPS_l10_s22_test_k20_train.log
Amazon-VG,MF,DICE,20,0.04768,0.02273,log/runs/v3_Amazon-VG_MF_final_DICE_DICE_a0.05_s20_test_k20_train.log
Amazon-VG,MF,DICE,21,0.04891,0.02404,log/runs/v3_Amazon-VG_MF_final_DICE_DICE_a0.05_s21_test_k20_train.log
Amazon-VG,MF,DICE,22,0.04819,0.02253,log/runs/v3_Amazon-VG_MF_final_DICE_DICE_a0.05_s22_test_k20_train.log
Amazon-VG,MF,DDC,20,0.05212,0.02601,log/runs/v3_Amazon-VG_MF_final_DDC_DDC_k0.3_s20_test_k20_train.log
Amazon-VG,MF,DDC,21,0.05428,0.02623,log/runs/v3_Amazon-VG_MF_final_DDC_DDC_k0.3_s21_test_k20_train.log
Amazon-VG,MF,DDC,22,0.05603,0.02552,log/runs/v3_Amazon-VG_MF_final_DDC_DDC_k0.3_s22_test_k20_train.log
Amazon-VG,MF,PDA,20,0.10717,0.0509,log/runs/v3_Amazon-VG_MF_final_PDA_g0.25a0.2_s20_test_k20_train.log
Amazon-VG,MF,PDA,21,0.09865,0.04721,log/runs/v3_Amazon-VG_MF_final_PDA_g0.25a0.2_s21_test_k20_train.log
Amazon-VG,MF,PDA,22,0.10859,0.05345,log/runs/v3_Amazon-VG_MF_final_PDA_g0.25a0.2_s22_test_k20_train.log
Amazon-VG,MF,TIDE,20,0.07332,0.04053,log/runs/v3_Amazon-VG_MF_final_TIDE_TIDE_qdefaultbdefault_tau3000000_s20_test_k20_train.log
Amazon-VG,MF,TIDE,21,0.0791,0.04193,log/runs/v3_Amazon-VG_MF_final_TIDE_TIDE_qdefaultbdefault_tau3000000_s21_test_k20_train.log
Amazon-VG,MF,TIDE,22,0.08017,0.04415,log/runs/v3_Amazon-VG_MF_final_TIDE_TIDE_qdefaultbdefault_tau3000000_s22_test_k20_train.log
Amazon-VG,MF,CausalEPP,20,0.06709,0.03158,log/runs/v3_Amazon-VG_MF_final_CausalEPP_CEPP_sm1024a1.0_s20_test_k20_train.log
Amazon-VG,MF,CausalEPP,21,0.06946,0.03297,log/runs/v3_Amazon-VG_MF_final_CausalEPP_CEPP_sm1024a1.0_s21_test_k20_train.log
Amazon-VG,MF,CausalEPP,22,0.07518,0.03552,log/runs/v3_Amazon-VG_MF_final_CausalEPP_CEPP_sm1024a1.0_s22_test_k20_train.log
Amazon-VG,MF,STFR,20,0.11053,0.05513,log/runs/v3nob_final_Amazon-VG_MF_SFDmmNoB_f0.7a0.75_s20_test_k20.log
Amazon-VG,MF,STFR,21,0.10684,0.0507,log/runs/v3nob_final_Amazon-VG_MF_SFDmmNoB_f0.7a0.75_s21_test_k20.log
Amazon-VG,MF,STFR,22,0.11334,0.05547,log/runs/v3nob_final_Amazon-VG_MF_SFDmmNoB_f0.7a0.75_s22_test_k20.log
Amazon-Movies,MF,base,20,0.0367,0.01799,log/runs/v3_Amazon-Movies_MF_base_s20_test_k20_train.log
Amazon-Movies,MF,base,21,0.03615,0.01791,log/runs/v3_Amazon-Movies_MF_base_s21_test_k20_train.log
Amazon-Movies,MF,base,22,0.03401,0.01673,log/runs/v3_Amazon-Movies_MF_base_s22_test_k20_train.log
Amazon-Movies,MF,IPS,20,0.03457,0.01622,log/runs/v3_Amazon-Movies_MF_final_IPS_IPS_l30_s20_test_k20_train.log
Amazon-Movies,MF,IPS,21,0.03471,0.0167,log/runs/v3_Amazon-Movies_MF_final_IPS_IPS_l30_s21_test_k20_train.log
Amazon-Movies,MF,IPS,22,0.03208,0.01554,log/runs/v3_Amazon-Movies_MF_final_IPS_IPS_l30_s22_test_k20_train.log
Amazon-Movies,MF,DICE,20,0.03554,0.01811,log/runs/v3_Amazon-Movies_MF_final_DICE_DICE_a0.2_s20_test_k20_train.log
Amazon-Movies,MF,DICE,21,0.03576,0.01794,log/runs/v3_Amazon-Movies_MF_final_DICE_DICE_a0.2_s21_test_k20_train.log
Amazon-Movies,MF,DICE,22,0.03486,0.01682,log/runs/v3_Amazon-Movies_MF_final_DICE_DICE_a0.2_s22_test_k20_train.log
Amazon-Movies,MF,DDC,20,0.04111,0.02,log/runs/v3_Amazon-Movies_MF_final_DDC_DDC_k0.7_s20_test_k20_train.log
Amazon-Movies,MF,DDC,21,0.03954,0.01975,log/runs/v3_Amazon-Movies_MF_final_DDC_DDC_k0.7_s21_test_k20_train.log
Amazon-Movies,MF,DDC,22,0.03751,0.01867,log/runs/v3_Amazon-Movies_MF_final_DDC_DDC_k0.7_s22_test_k20_train.log
Amazon-Movies,MF,PDA,20,0.06479,0.03063,log/runs/v3_Amazon-Movies_MF_final_PDA_g0.25a0.2_s20_test_k20_train.log
Amazon-Movies,MF,PDA,21,0.0651,0.03233,log/runs/v3_Amazon-Movies_MF_final_PDA_g0.25a0.2_s21_test_k20_train.log
Amazon-Movies,MF,PDA,22,0.06599,0.0309,log/runs/v3_Amazon-Movies_MF_final_PDA_g0.25a0.2_s22_test_k20_train.log
Amazon-Movies,MF,TIDE,20,0.07399,0.03929,log/runs/v3_Amazon-Movies_MF_final_TIDE_TIDE_q-1b-5_tau3000000_s20_test_k20_train.log
Amazon-Movies,MF,TIDE,21,0.07425,0.03836,log/runs/v3_Amazon-Movies_MF_final_TIDE_TIDE_q-1b-5_tau3000000_s21_test_k20_train.log
Amazon-Movies,MF,TIDE,22,0.07411,0.03913,log/runs/v3_Amazon-Movies_MF_final_TIDE_TIDE_q-1b-5_tau3000000_s22_test_k20_train.log
Amazon-Movies,MF,CausalEPP,20,0.04328,0.0214,log/runs/v3_Amazon-Movies_MF_final_CausalEPP_CEPP_sm1024a0.25_s20_test_k20_train.log
Amazon-Movies,MF,CausalEPP,21,0.0436,0.02122,log/runs/v3_Amazon-Movies_MF_final_CausalEPP_CEPP_sm1024a0.25_s21_test_k20_train.log
Amazon-Movies,MF,CausalEPP,22,0.04465,0.02196,log/runs/v3_Amazon-Movies_MF_final_CausalEPP_CEPP_sm1024a0.25_s22_test_k20_train.log
Amazon-Movies,MF,STFR,20,0.08395,0.04006,log/runs/v3nob_final_Amazon-Movies_MF_SFDmmNoB_f0.3a0.5_s20_test_k20.log
Amazon-Movies,MF,STFR,21,0.08238,0.04083,log/runs/v3nob_final_Amazon-Movies_MF_SFDmmNoB_f0.3a0.5_s21_test_k20.log
Amazon-Movies,MF,STFR,22,0.08484,0.04133,log/runs/v3nob_final_Amazon-Movies_MF_SFDmmNoB_f0.3a0.5_s22_test_k20.log
Douban-movie,MF,base,20,0.033,0.02609,log/runs/v3_Douban-movie_MF_base_s20_test_k20_train.log
Douban-movie,MF,base,21,0.0338,0.02626,log/runs/v3_Douban-movie_MF_base_s21_test_k20_train.log
Douban-movie,MF,base,22,0.03166,0.02614,log/runs/v3_Douban-movie_MF_base_s22_test_k20_train.log
Douban-movie,MF,IPS,20,0.02953,0.0233,log/runs/v3_Douban-movie_MF_final_IPS_IPS_l10_s20_test_k20_train.log
Douban-movie,MF,IPS,21,0.02855,0.02452,log/runs/v3_Douban-movie_MF_final_IPS_IPS_l10_s21_test_k20_train.log
Douban-movie,MF,IPS,22,0.03117,0.02542,log/runs/v3_Douban-movie_MF_final_IPS_IPS_l10_s22_test_k20_train.log
Douban-movie,MF,DICE,20,0.02461,0.01937,log/runs/v3_Douban-movie_MF_final_DICE_DICE_a0.2_s20_test_k20_train.log
Douban-movie,MF,DICE,21,0.02502,0.01951,log/runs/v3_Douban-movie_MF_final_DICE_DICE_a0.2_s21_test_k20_train.log
Douban-movie,MF,DICE,22,0.02235,0.0179,log/runs/v3_Douban-movie_MF_final_DICE_DICE_a0.2_s22_test_k20_train.log
Douban-movie,MF,DDC,20,0.03242,0.02581,log/runs/v3_Douban-movie_MF_final_DDC_DDC_k0.7_s20_test_k20_train.log
Douban-movie,MF,DDC,21,0.03418,0.02651,log/runs/v3_Douban-movie_MF_final_DDC_DDC_k0.7_s21_test_k20_train.log
Douban-movie,MF,DDC,22,0.03217,0.02591,log/runs/v3_Douban-movie_MF_final_DDC_DDC_k0.7_s22_test_k20_train.log
Douban-movie,MF,PDA,20,0.10841,0.07289,log/runs/v3_Douban-movie_MF_final_PDA_g0.1a0.2_s20_test_k20_train.log
Douban-movie,MF,PDA,21,0.10333,0.07251,log/runs/v3_Douban-movie_MF_final_PDA_g0.1a0.2_s21_test_k20_train.log
Douban-movie,MF,PDA,22,0.1038,0.07249,log/runs/v3_Douban-movie_MF_final_PDA_g0.1a0.2_s22_test_k20_train.log
Douban-movie,MF,TIDE,20,0.11606,0.07769,log/runs/v3_Douban-movie_MF_final_TIDE_TIDE_qdefaultbdefault_tau10000000_s20_test_k20_train.log
Douban-movie,MF,TIDE,21,0.11172,0.07798,log/runs/v3_Douban-movie_MF_final_TIDE_TIDE_qdefaultbdefault_tau10000000_s21_test_k20_train.log
Douban-movie,MF,TIDE,22,0.11534,0.07688,log/runs/v3_Douban-movie_MF_final_TIDE_TIDE_qdefaultbdefault_tau10000000_s22_test_k20_train.log
Douban-movie,MF,CausalEPP,20,0.03071,0.0249,log/runs/v3_Douban-movie_MF_final_CausalEPP_CEPP_sm256a1.0_s20_test_k20_train.log
Douban-movie,MF,CausalEPP,21,0.03316,0.02624,log/runs/v3_Douban-movie_MF_final_CausalEPP_CEPP_sm256a1.0_s21_test_k20_train.log
Douban-movie,MF,CausalEPP,22,0.03152,0.02567,log/runs/v3_Douban-movie_MF_final_CausalEPP_CEPP_sm256a1.0_s22_test_k20_train.log
Douban-movie,MF,STFR,20,0.11368,0.0739,log/runs/v3nob_final_Douban-movie_MF_SFDmmNoB_f0.9a0.5_s20_test_k20.log
Douban-movie,MF,STFR,21,0.10938,0.0742,log/runs/v3nob_final_Douban-movie_MF_SFDmmNoB_f0.9a0.5_s21_test_k20.log
Douban-movie,MF,STFR,22,0.10392,0.07179,log/runs/v3nob_final_Douban-movie_MF_SFDmmNoB_f0.9a0.5_s22_test_k20.log
Amazon-VG,LightGCN,base,20,0.06852,0.03108,log/runs/v3_Amazon-VG_LightGCN_base_s20_test_k20_train.log
Amazon-VG,LightGCN,base,21,0.06776,0.0311,log/runs/v3_Amazon-VG_LightGCN_base_s21_test_k20_train.log
Amazon-VG,LightGCN,base,22,0.06818,0.03098,log/runs/v3_Amazon-VG_LightGCN_base_s22_test_k20_train.log
Amazon-VG,LightGCN,IPS,20,0.06884,0.03467,log/runs/v3_Amazon-VG_LightGCN_final_IPS_IPS_l50_s20_test_k20_train.log
Amazon-VG,LightGCN,IPS,21,0.06136,0.02948,log/runs/v3_Amazon-VG_LightGCN_final_IPS_IPS_l50_s21_test_k20_train.log
Amazon-VG,LightGCN,IPS,22,0.06029,0.02778,log/runs/v3_Amazon-VG_LightGCN_final_IPS_IPS_l50_s22_test_k20_train.log
Amazon-VG,LightGCN,DICE,20,0.0562,0.02834,log/runs/v3_Amazon-VG_LightGCN_final_DICE_DICE_a0.05_s20_test_k20_train.log
Amazon-VG,LightGCN,DICE,21,0.06114,0.02797,log/runs/v3_Amazon-VG_LightGCN_final_DICE_DICE_a0.05_s21_test_k20_train.log
Amazon-VG,LightGCN,DICE,22,0.06058,0.02724,log/runs/v3_Amazon-VG_LightGCN_final_DICE_DICE_a0.05_s22_test_k20_train.log
Amazon-VG,LightGCN,DDC,20,0.06266,0.02988,log/runs/v3_Amazon-VG_LightGCN_final_DDC_DDC_k0.7_s20_test_k20_train.log
Amazon-VG,LightGCN,DDC,21,0.06629,0.03063,log/runs/v3_Amazon-VG_LightGCN_final_DDC_DDC_k0.7_s21_test_k20_train.log
Amazon-VG,LightGCN,DDC,22,0.0654,0.02981,log/runs/v3_Amazon-VG_LightGCN_final_DDC_DDC_k0.7_s22_test_k20_train.log
Amazon-VG,LightGCN,PDA,20,0.08071,0.0369,log/runs/v3_Amazon-VG_LightGCN_final_PDA_g0.25a0.2_s20_test_k20_train.log
Amazon-VG,LightGCN,PDA,21,0.08441,0.03698,log/runs/v3_Amazon-VG_LightGCN_final_PDA_g0.25a0.2_s21_test_k20_train.log
Amazon-VG,LightGCN,PDA,22,0.07994,0.03676,log/runs/v3_Amazon-VG_LightGCN_final_PDA_g0.25a0.2_s22_test_k20_train.log
Amazon-VG,LightGCN,TIDE,20,0.09447,0.04868,log/runs/v3_Amazon-VG_LightGCN_final_TIDE_TIDE_q-1b-5_tau3000000_s20_test_k20_train.log
Amazon-VG,LightGCN,TIDE,21,0.08695,0.04495,log/runs/v3_Amazon-VG_LightGCN_final_TIDE_TIDE_q-1b-5_tau3000000_s21_test_k20_train.log
Amazon-VG,LightGCN,TIDE,22,0.0874,0.0436,log/runs/v3_Amazon-VG_LightGCN_final_TIDE_TIDE_q-1b-5_tau3000000_s22_test_k20_train.log
Amazon-VG,LightGCN,CausalEPP,20,0.06524,0.0287,log/runs/v3_Amazon-VG_LightGCN_final_CausalEPP_CEPP_sm256a1.0_s20_test_k20_train.log
Amazon-VG,LightGCN,CausalEPP,21,0.06605,0.02875,log/runs/v3_Amazon-VG_LightGCN_final_CausalEPP_CEPP_sm256a1.0_s21_test_k20_train.log
Amazon-VG,LightGCN,CausalEPP,22,0.0679,0.03007,log/runs/v3_Amazon-VG_LightGCN_final_CausalEPP_CEPP_sm256a1.0_s22_test_k20_train.log
Amazon-VG,LightGCN,STFR,20,0.12682,0.06198,log/runs/v3nob_final_Amazon-VG_LightGCN_SFDmmNoB_f0.7a1.0_s20_test_k20.log
Amazon-VG,LightGCN,STFR,21,0.11807,0.06231,log/runs/v3nob_final_Amazon-VG_LightGCN_SFDmmNoB_f0.7a1.0_s21_test_k20.log
Amazon-VG,LightGCN,STFR,22,0.12003,0.06171,log/runs/v3nob_final_Amazon-VG_LightGCN_SFDmmNoB_f0.7a1.0_s22_test_k20.log
Amazon-Movies,LightGCN,base,20,0.04989,0.02338,log/runs/v3_Amazon-Movies_LightGCN_base_s20_test_k20_train.log
Amazon-Movies,LightGCN,base,21,0.05058,0.02323,log/runs/v3_Amazon-Movies_LightGCN_base_s21_test_k20_train.log
Amazon-Movies,LightGCN,base,22,0.05078,0.02351,log/runs/v3_Amazon-Movies_LightGCN_base_s22_test_k20_train.log
Amazon-Movies,LightGCN,IPS,20,0.04637,0.02269,log/runs/v3_Amazon-Movies_LightGCN_final_IPS_IPS_l50_s20_test_k20_train.log
Amazon-Movies,LightGCN,IPS,21,0.04269,0.02094,log/runs/v3_Amazon-Movies_LightGCN_final_IPS_IPS_l50_s21_test_k20_train.log
Amazon-Movies,LightGCN,IPS,22,0.04646,0.02176,log/runs/v3_Amazon-Movies_LightGCN_final_IPS_IPS_l50_s22_test_k20_train.log
Amazon-Movies,LightGCN,DICE,20,0.04046,0.01997,log/runs/v3_Amazon-Movies_LightGCN_final_DICE_DICE_a0.1_s20_test_k20_train.log
Amazon-Movies,LightGCN,DICE,21,0.03874,0.01865,log/runs/v3_Amazon-Movies_LightGCN_final_DICE_DICE_a0.1_s21_test_k20_train.log
Amazon-Movies,LightGCN,DICE,22,0.03628,0.01756,log/runs/v3_Amazon-Movies_LightGCN_final_DICE_DICE_a0.1_s22_test_k20_train.log
Amazon-Movies,LightGCN,DDC,20,0.04724,0.02184,log/runs/v3_Amazon-Movies_LightGCN_final_DDC_DDC_k0.7_s20_test_k20_train.log
Amazon-Movies,LightGCN,DDC,21,0.04463,0.02048,log/runs/v3_Amazon-Movies_LightGCN_final_DDC_DDC_k0.7_s21_test_k20_train.log
Amazon-Movies,LightGCN,DDC,22,0.04825,0.02246,log/runs/v3_Amazon-Movies_LightGCN_final_DDC_DDC_k0.7_s22_test_k20_train.log
Amazon-Movies,LightGCN,PDA,20,0.06228,0.02679,log/runs/v3_Amazon-Movies_LightGCN_final_PDA_g0.25a0.2_s20_test_k20_train.log
Amazon-Movies,LightGCN,PDA,21,0.06255,0.02663,log/runs/v3_Amazon-Movies_LightGCN_final_PDA_g0.25a0.2_s21_test_k20_train.log
Amazon-Movies,LightGCN,PDA,22,0.0621,0.02616,log/runs/v3_Amazon-Movies_LightGCN_final_PDA_g0.25a0.2_s22_test_k20_train.log
Amazon-Movies,LightGCN,TIDE,20,0.06863,0.02858,log/runs/v3_Amazon-Movies_LightGCN_final_TIDE_TIDE_q-1b-5_tau3000000_s20_test_k20_train.log
Amazon-Movies,LightGCN,TIDE,21,0.06478,0.02823,log/runs/v3_Amazon-Movies_LightGCN_final_TIDE_TIDE_q-1b-5_tau3000000_s21_test_k20_train.log
Amazon-Movies,LightGCN,TIDE,22,0.06485,0.02764,log/runs/v3_Amazon-Movies_LightGCN_final_TIDE_TIDE_q-1b-5_tau3000000_s22_test_k20_train.log
Amazon-Movies,LightGCN,CausalEPP,20,0.04914,0.02274,log/runs/v3_Amazon-Movies_LightGCN_final_CausalEPP_CEPP_sm256a0.25_s20_test_k20_train.log
Amazon-Movies,LightGCN,CausalEPP,21,0.05039,0.02312,log/runs/v3_Amazon-Movies_LightGCN_final_CausalEPP_CEPP_sm256a0.25_s21_test_k20_train.log
Amazon-Movies,LightGCN,CausalEPP,22,0.04966,0.0228,log/runs/v3_Amazon-Movies_LightGCN_final_CausalEPP_CEPP_sm256a0.25_s22_test_k20_train.log
Amazon-Movies,LightGCN,STFR,20,0.08051,0.03915,log/runs/v3nob_final_Amazon-Movies_LightGCN_SFDmmNoB_f0.3a0.5_s20_test_k20.log
Amazon-Movies,LightGCN,STFR,21,0.08147,0.03942,log/runs/v3nob_final_Amazon-Movies_LightGCN_SFDmmNoB_f0.3a0.5_s21_test_k20.log
Amazon-Movies,LightGCN,STFR,22,0.08043,0.03967,log/runs/v3nob_final_Amazon-Movies_LightGCN_SFDmmNoB_f0.3a0.5_s22_test_k20.log
Douban-movie,LightGCN,base,20,0.02217,0.02012,log/runs/v3_Douban-movie_LightGCN_base_s20_test_k20_train.log
Douban-movie,LightGCN,base,21,0.02249,0.02021,log/runs/v3_Douban-movie_LightGCN_base_s21_test_k20_train.log
Douban-movie,LightGCN,base,22,0.02197,0.02003,log/runs/v3_Douban-movie_LightGCN_base_s22_test_k20_train.log
Douban-movie,LightGCN,IPS,20,0.0342,0.02742,log/runs/v3_Douban-movie_LightGCN_final_IPS_IPS_l10_s20_test_k20_train.log
Douban-movie,LightGCN,IPS,21,0.03372,0.02691,log/runs/v3_Douban-movie_LightGCN_final_IPS_IPS_l10_s21_test_k20_train.log
Douban-movie,LightGCN,IPS,22,0.03162,0.02593,log/runs/v3_Douban-movie_LightGCN_final_IPS_IPS_l10_s22_test_k20_train.log
Douban-movie,LightGCN,DICE,20,0.02644,0.02054,log/runs/v3_Douban-movie_LightGCN_final_DICE_DICE_a0.2_s20_test_k20_train.log
Douban-movie,LightGCN,DICE,21,0.02747,0.02146,log/runs/v3_Douban-movie_LightGCN_final_DICE_DICE_a0.2_s21_test_k20_train.log
Douban-movie,LightGCN,DICE,22,0.02959,0.02309,log/runs/v3_Douban-movie_LightGCN_final_DICE_DICE_a0.2_s22_test_k20_train.log
Douban-movie,LightGCN,DDC,20,0.02232,0.02056,log/runs/v3_Douban-movie_LightGCN_final_DDC_DDC_k0.7_s20_test_k20_train.log
Douban-movie,LightGCN,DDC,21,0.02302,0.02092,log/runs/v3_Douban-movie_LightGCN_final_DDC_DDC_k0.7_s21_test_k20_train.log
Douban-movie,LightGCN,DDC,22,0.02159,0.01999,log/runs/v3_Douban-movie_LightGCN_final_DDC_DDC_k0.7_s22_test_k20_train.log
Douban-movie,LightGCN,PDA,20,0.05681,0.04667,log/runs/v3_Douban-movie_LightGCN_final_PDA_g0.25a0.1_s20_test_k20_train.log
Douban-movie,LightGCN,PDA,21,0.05701,0.04611,log/runs/v3_Douban-movie_LightGCN_final_PDA_g0.25a0.1_s21_test_k20_train.log
Douban-movie,LightGCN,PDA,22,0.05679,0.04628,log/runs/v3_Douban-movie_LightGCN_final_PDA_g0.25a0.1_s22_test_k20_train.log
Douban-movie,LightGCN,TIDE,20,0.07839,0.05954,log/runs/v3_Douban-movie_LightGCN_final_TIDE_TIDE_qdefaultbdefault_tau3000000_s20_test_k20_train.log
Douban-movie,LightGCN,TIDE,21,0.07953,0.0606,log/runs/v3_Douban-movie_LightGCN_final_TIDE_TIDE_qdefaultbdefault_tau3000000_s21_test_k20_train.log
Douban-movie,LightGCN,TIDE,22,0.07796,0.05972,log/runs/v3_Douban-movie_LightGCN_final_TIDE_TIDE_qdefaultbdefault_tau3000000_s22_test_k20_train.log
Douban-movie,LightGCN,CausalEPP,20,0.03258,0.02703,log/runs/v3_Douban-movie_LightGCN_final_CausalEPP_CEPP_sm256a0.25_s20_test_k20_train.log
Douban-movie,LightGCN,CausalEPP,21,0.03172,0.0262,log/runs/v3_Douban-movie_LightGCN_final_CausalEPP_CEPP_sm256a0.25_s21_test_k20_train.log
Douban-movie,LightGCN,CausalEPP,22,0.0321,0.02682,log/runs/v3_Douban-movie_LightGCN_final_CausalEPP_CEPP_sm256a0.25_s22_test_k20_train.log
Douban-movie,LightGCN,STFR,20,0.12018,0.07643,log/runs/v3nob_final_Douban-movie_LightGCN_SFDmmNoB_f0.3a0.75_s20_test_k20.log
Douban-movie,LightGCN,STFR,21,0.12063,0.0756,log/runs/v3nob_final_Douban-movie_LightGCN_SFDmmNoB_f0.3a0.75_s21_test_k20.log
Douban-movie,LightGCN,STFR,22,0.11919,0.07482,log/runs/v3nob_final_Douban-movie_LightGCN_SFDmmNoB_f0.3a0.75_s22_test_k20.log
Amazon-VG,SimGCL,base,20,0.07281,0.03513,log/runs/v3_Amazon-VG_SimGCL_base_s20_test_k20_train.log
Amazon-VG,SimGCL,base,21,0.07623,0.03735,log/runs/v3_Amazon-VG_SimGCL_base_s21_test_k20_train.log
Amazon-VG,SimGCL,base,22,0.07538,0.03585,log/runs/v3_Amazon-VG_SimGCL_base_s22_test_k20_train.log
Amazon-VG,SimGCL,IPS,20,0.06963,0.03204,log/runs/v3_Amazon-VG_SimGCL_final_IPS_IPS_l30_s20_test_k20_train.log
Amazon-VG,SimGCL,IPS,21,0.06932,0.03301,log/runs/v3_Amazon-VG_SimGCL_final_IPS_IPS_l30_s21_test_k20_train.log
Amazon-VG,SimGCL,IPS,22,0.0647,0.03032,log/runs/v3_Amazon-VG_SimGCL_final_IPS_IPS_l30_s22_test_k20_train.log
Amazon-VG,SimGCL,DICE,20,0.06463,0.03205,log/runs/v3_Amazon-VG_SimGCL_final_DICE_DICE_a0.05_s20_test_k20_train.log
Amazon-VG,SimGCL,DICE,21,0.06107,0.03101,log/runs/v3_Amazon-VG_SimGCL_final_DICE_DICE_a0.05_s21_test_k20_train.log
Amazon-VG,SimGCL,DICE,22,0.06191,0.0312,log/runs/v3_Amazon-VG_SimGCL_final_DICE_DICE_a0.05_s22_test_k20_train.log
Amazon-VG,SimGCL,DDC,20,0.06899,0.03366,log/runs/v3_Amazon-VG_SimGCL_final_DDC_DDC_k0.3_s20_test_k20_train.log
Amazon-VG,SimGCL,DDC,21,0.06982,0.03382,log/runs/v3_Amazon-VG_SimGCL_final_DDC_DDC_k0.3_s21_test_k20_train.log
Amazon-VG,SimGCL,DDC,22,0.07178,0.03489,log/runs/v3_Amazon-VG_SimGCL_final_DDC_DDC_k0.3_s22_test_k20_train.log
Amazon-VG,SimGCL,PDA,20,0.10016,0.04943,log/runs/v3_Amazon-VG_SimGCL_final_PDA_g0.25a0.2_s20_test_k20_train.log
Amazon-VG,SimGCL,PDA,21,0.10903,0.05192,log/runs/v3_Amazon-VG_SimGCL_final_PDA_g0.25a0.2_s21_test_k20_train.log
Amazon-VG,SimGCL,PDA,22,0.10631,0.05014,log/runs/v3_Amazon-VG_SimGCL_final_PDA_g0.25a0.2_s22_test_k20_train.log
Amazon-VG,SimGCL,TIDE,20,0.08324,0.045,log/runs/v3_Amazon-VG_SimGCL_final_TIDE_TIDE_q-1b-3_tau3000000_s20_test_k20_train.log
Amazon-VG,SimGCL,TIDE,21,0.08588,0.04419,log/runs/v3_Amazon-VG_SimGCL_final_TIDE_TIDE_q-1b-3_tau3000000_s21_test_k20_train.log
Amazon-VG,SimGCL,TIDE,22,0.08493,0.04512,log/runs/v3_Amazon-VG_SimGCL_final_TIDE_TIDE_q-1b-3_tau3000000_s22_test_k20_train.log
Amazon-VG,SimGCL,CausalEPP,20,0.0734,0.03532,log/runs/v3_Amazon-VG_SimGCL_final_CausalEPP_CEPP_sm64a0.25_s20_test_k20_train.log
Amazon-VG,SimGCL,CausalEPP,21,0.07592,0.037,log/runs/v3_Amazon-VG_SimGCL_final_CausalEPP_CEPP_sm64a0.25_s21_test_k20_train.log
Amazon-VG,SimGCL,CausalEPP,22,0.07549,0.03607,log/runs/v3_Amazon-VG_SimGCL_final_CausalEPP_CEPP_sm64a0.25_s22_test_k20_train.log
Amazon-VG,SimGCL,STFR,20,0.11249,0.05259,log/runs/v3nob_final_Amazon-VG_SimGCL_SFDmmNoB_f0.7a0.75_s20_test_k20.log
Amazon-VG,SimGCL,STFR,21,0.11237,0.05381,log/runs/v3nob_final_Amazon-VG_SimGCL_SFDmmNoB_f0.7a0.75_s21_test_k20.log
Amazon-VG,SimGCL,STFR,22,0.11526,0.05519,log/runs/v3nob_final_Amazon-VG_SimGCL_SFDmmNoB_f0.7a0.75_s22_test_k20.log
Amazon-Movies,SimGCL,base,20,0.05703,0.02779,log/runs/v3_Amazon-Movies_SimGCL_base_s20_test_k20_train.log
Amazon-Movies,SimGCL,base,21,0.05726,0.02777,log/runs/v3_Amazon-Movies_SimGCL_base_s21_test_k20_train.log
Amazon-Movies,SimGCL,base,22,0.0584,0.02809,log/runs/v3_Amazon-Movies_SimGCL_base_s22_test_k20_train.log
Amazon-Movies,SimGCL,IPS,20,0.05352,0.026,log/runs/v3_Amazon-Movies_SimGCL_final_IPS_IPS_l10_s20_test_k20_train.log
Amazon-Movies,SimGCL,IPS,21,0.05155,0.02508,log/runs/v3_Amazon-Movies_SimGCL_final_IPS_IPS_l10_s21_test_k20_train.log
Amazon-Movies,SimGCL,IPS,22,0.05018,0.02406,log/runs/v3_Amazon-Movies_SimGCL_final_IPS_IPS_l10_s22_test_k20_train.log
Amazon-Movies,SimGCL,DICE,20,0.04725,0.0234,log/runs/v3_Amazon-Movies_SimGCL_final_DICE_DICE_a0.05_s20_test_k20_train.log
Amazon-Movies,SimGCL,DICE,21,0.04696,0.02326,log/runs/v3_Amazon-Movies_SimGCL_final_DICE_DICE_a0.05_s21_test_k20_train.log
Amazon-Movies,SimGCL,DICE,22,0.04682,0.02265,log/runs/v3_Amazon-Movies_SimGCL_final_DICE_DICE_a0.05_s22_test_k20_train.log
Amazon-Movies,SimGCL,DDC,20,0.05085,0.02442,log/runs/v3_Amazon-Movies_SimGCL_final_DDC_DDC_k0.7_s20_test_k20_train.log
Amazon-Movies,SimGCL,DDC,21,0.05059,0.0245,log/runs/v3_Amazon-Movies_SimGCL_final_DDC_DDC_k0.7_s21_test_k20_train.log
Amazon-Movies,SimGCL,DDC,22,0.05185,0.02478,log/runs/v3_Amazon-Movies_SimGCL_final_DDC_DDC_k0.7_s22_test_k20_train.log
Amazon-Movies,SimGCL,PDA,20,0.07624,0.03668,log/runs/v3_Amazon-Movies_SimGCL_final_PDA_g0.25a0.2_s20_test_k20_train.log
Amazon-Movies,SimGCL,PDA,21,0.07605,0.03668,log/runs/v3_Amazon-Movies_SimGCL_final_PDA_g0.25a0.2_s21_test_k20_train.log
Amazon-Movies,SimGCL,PDA,22,0.07635,0.03693,log/runs/v3_Amazon-Movies_SimGCL_final_PDA_g0.25a0.2_s22_test_k20_train.log
Amazon-Movies,SimGCL,TIDE,20,0.05968,0.02873,log/runs/v3_Amazon-Movies_SimGCL_final_TIDE_TIDE_q-1b-5_tau3000000_s20_test_k20_train.log
Amazon-Movies,SimGCL,TIDE,21,0.05814,0.02816,log/runs/v3_Amazon-Movies_SimGCL_final_TIDE_TIDE_q-1b-5_tau3000000_s21_test_k20_train.log
Amazon-Movies,SimGCL,TIDE,22,0.05953,0.02858,log/runs/v3_Amazon-Movies_SimGCL_final_TIDE_TIDE_q-1b-5_tau3000000_s22_test_k20_train.log
Amazon-Movies,SimGCL,CausalEPP,20,0.05748,0.02795,log/runs/v3_Amazon-Movies_SimGCL_final_CausalEPP_CEPP_sm64a1.0_s20_test_k20_train.log
Amazon-Movies,SimGCL,CausalEPP,21,0.05714,0.02763,log/runs/v3_Amazon-Movies_SimGCL_final_CausalEPP_CEPP_sm64a1.0_s21_test_k20_train.log
Amazon-Movies,SimGCL,CausalEPP,22,0.05862,0.02816,log/runs/v3_Amazon-Movies_SimGCL_final_CausalEPP_CEPP_sm64a1.0_s22_test_k20_train.log
Amazon-Movies,SimGCL,STFR,20,0.08079,0.03827,log/runs/v3nob_final_Amazon-Movies_SimGCL_SFDmmNoB_f0.5a0.5_s20_test_k20.log
Amazon-Movies,SimGCL,STFR,21,0.07558,0.03536,log/runs/v3nob_final_Amazon-Movies_SimGCL_SFDmmNoB_f0.5a0.5_s21_test_k20.log
Amazon-Movies,SimGCL,STFR,22,0.07576,0.03619,log/runs/v3nob_final_Amazon-Movies_SimGCL_SFDmmNoB_f0.5a0.5_s22_test_k20.log
