dataset,backbone,arm,N,k,seed,recall,precision,ndcg,arp,aplt,val_recall20,best_epoch,tag
Amazon-VG,MF,recent,1,20,20,0.02015,0.00188,0.00962,0.54262,0.35722,0.02785,90,v3nobREC_Amazon-VG_MF_recentN1_s20
Amazon-VG,MF,recent,1,20,21,0.02059,0.00166,0.00945,0.54307,0.36164,0.03153,24,v3nobREC_Amazon-VG_MF_recentN1_s21
Amazon-VG,MF,recent,1,20,22,0.02137,0.00188,0.01095,0.54562,0.35477,0.03442,30,v3nobREC_Amazon-VG_MF_recentN1_s22
Amazon-VG,MF,recent,2,20,20,0.03298,0.00305,0.01628,0.59987,0.23536,0.04479,21,v3nobREC_Amazon-VG_MF_recentN2_s20
Amazon-VG,MF,recent,2,20,21,0.03557,0.00344,0.01779,0.59835,0.23873,0.04948,24,v3nobREC_Amazon-VG_MF_recentN2_s21
Amazon-VG,MF,recent,2,20,22,0.03077,0.00284,0.0141,0.58462,0.26659,0.04044,39,v3nobREC_Amazon-VG_MF_recentN2_s22
Amazon-VG,MF,recent,3,20,20,0.03649,0.00339,0.01759,0.60481,0.22115,0.05002,33,v3nobREC_Amazon-VG_MF_recentN3_s20
Amazon-VG,MF,recent,3,20,21,0.042,0.0038,0.02023,0.6305,0.16804,0.05645,12,v3nobREC_Amazon-VG_MF_recentN3_s21
Amazon-VG,MF,recent,3,20,22,0.0349,0.00329,0.01623,0.6244,0.1835,0.0477,15,v3nobREC_Amazon-VG_MF_recentN3_s22
Amazon-VG,MF,recent,6,20,20,0.04357,0.00413,0.01947,0.6303,0.16644,0.07269,39,v3nobREC_Amazon-VG_MF_recentN6_s20
Amazon-VG,MF,recent,6,20,21,0.05298,0.00489,0.02498,0.65382,0.11344,0.06784,18,v3nobREC_Amazon-VG_MF_recentN6_s21
Amazon-VG,MF,recent,6,20,22,0.04873,0.0047,0.02248,0.63864,0.15401,0.0665,30,v3nobREC_Amazon-VG_MF_recentN6_s22
Amazon-VG,MF,recent,12,20,20,0.0487,0.00513,0.02471,0.68876,0.08732,0.07008,18,v3nobREC_Amazon-VG_MF_recentN12_s20
Amazon-VG,MF,recent,12,20,21,0.06013,0.00573,0.02831,0.68515,0.08018,0.07614,18,v3nobREC_Amazon-VG_MF_recentN12_s21
Amazon-VG,MF,recent,12,20,22,0.05473,0.00583,0.02574,0.701,0.0691,0.0738,12,v3nobREC_Amazon-VG_MF_recentN12_s22
Amazon-VG,MF,recent,24,20,20,0.05364,0.00579,0.0252,0.67667,0.10714,0.06922,36,v3nobREC_Amazon-VG_MF_recentN24_s20
Amazon-VG,MF,recent,24,20,21,0.06002,0.00626,0.02802,0.71846,0.06444,0.06992,15,v3nobREC_Amazon-VG_MF_recentN24_s21
Amazon-VG,MF,recent,24,20,22,0.05391,0.00577,0.02483,0.65641,0.1384,0.07234,63,v3nobREC_Amazon-VG_MF_recentN24_s22
Amazon-VG,MF,recent+F,1,20,20,0.0814,0.00642,0.0378,0.69385,0.0,0.08932,15,v3nobREC_Amazon-VG_MF_recentFN1_s20
Amazon-VG,MF,recent+F,1,20,21,0.08004,0.00644,0.03679,0.69959,0.00274,0.0918,27,v3nobREC_Amazon-VG_MF_recentFN1_s21
Amazon-VG,MF,recent+F,1,20,22,0.07849,0.00624,0.03667,0.69803,0.00294,0.08961,27,v3nobREC_Amazon-VG_MF_recentFN1_s22
Amazon-VG,MF,recent+F,2,20,20,0.0823,0.00675,0.03913,0.70392,0.00102,0.09273,15,v3nobREC_Amazon-VG_MF_recentFN2_s20
Amazon-VG,MF,recent+F,2,20,21,0.08257,0.00701,0.0373,0.70583,0.01824,0.09804,42,v3nobREC_Amazon-VG_MF_recentFN2_s21
Amazon-VG,MF,recent+F,2,20,22,0.07936,0.00661,0.03662,0.70643,0.0116,0.09093,30,v3nobREC_Amazon-VG_MF_recentFN2_s22
Amazon-VG,MF,recent+F,3,20,20,0.083,0.00661,0.04013,0.7009,0.0,0.09694,9,v3nobREC_Amazon-VG_MF_recentFN3_s20
Amazon-VG,MF,recent+F,3,20,21,0.08659,0.0073,0.04106,0.71155,0.00663,0.10144,21,v3nobREC_Amazon-VG_MF_recentFN3_s21
Amazon-VG,MF,recent+F,3,20,22,0.08004,0.00654,0.03701,0.70683,0.00157,0.09222,15,v3nobREC_Amazon-VG_MF_recentFN3_s22
Amazon-VG,MF,recent+F,6,20,20,0.09602,0.00808,0.04479,0.7048,0.03804,0.11699,129,v3nobREC_Amazon-VG_MF_recentFN6_s20
Amazon-VG,MF,recent+F,6,20,21,0.09065,0.00767,0.04376,0.71912,0.00485,0.1112,15,v3nobREC_Amazon-VG_MF_recentFN6_s21
Amazon-VG,MF,recent+F,6,20,22,0.08867,0.0074,0.04288,0.71696,0.00223,0.10575,12,v3nobREC_Amazon-VG_MF_recentFN6_s22
Amazon-VG,MF,recent+F,12,20,20,0.10628,0.00932,0.0497,0.70485,0.04331,0.12718,99,v3nobREC_Amazon-VG_MF_recentFN12_s20
Amazon-VG,MF,recent+F,12,20,21,0.1007,0.00871,0.04862,0.6981,0.04407,0.12262,48,v3nobREC_Amazon-VG_MF_recentFN12_s21
Amazon-VG,MF,recent+F,12,20,22,0.09972,0.00888,0.0497,0.70533,0.02971,0.11709,30,v3nobREC_Amazon-VG_MF_recentFN12_s22
Amazon-VG,MF,recent+F,24,20,20,0.10376,0.00945,0.04941,0.70365,0.04667,0.1234,63,v3nobREC_Amazon-VG_MF_recentFN24_s20
Amazon-VG,MF,recent+F,24,20,21,0.11191,0.00973,0.05474,0.69608,0.04804,0.13405,57,v3nobREC_Amazon-VG_MF_recentFN24_s21
Amazon-VG,MF,recent+F,24,20,22,0.10853,0.00961,0.05335,0.70095,0.05434,0.12831,90,v3nobREC_Amazon-VG_MF_recentFN24_s22
Amazon-VG,MF,F-only (N=전체),all,20,20,0.10531,0.00949,0.05086,0.70014,0.0584,0.128,72,v3nobABL_Amazon-VG_MF_Fonly_s20
Amazon-VG,MF,F-only (N=전체),all,20,21,0.10582,0.00957,0.0499,0.70289,0.0508,0.12549,48,v3nobABL_Amazon-VG_MF_Fonly_s21
Amazon-VG,MF,F-only (N=전체),all,20,22,0.10505,0.00969,0.0513,0.70005,0.05499,0.12534,78,v3nobABL_Amazon-VG_MF_Fonly_s22
Amazon-VG,MF,SFD-noB champion,all,20,20,0.11053,0.00967,0.05513,0.60183,0.18434,0.13484,57,v3nob_final_Amazon-VG_MF_SFDmmNoB_f0.7a0.75_s20
Amazon-VG,MF,SFD-noB champion,all,20,21,0.10684,0.00935,0.0507,0.61039,0.16354,0.12908,45,v3nob_final_Amazon-VG_MF_SFDmmNoB_f0.7a0.75_s21
Amazon-VG,MF,SFD-noB champion,all,20,22,0.11334,0.00941,0.05547,0.57252,0.26943,0.14304,132,v3nob_final_Amazon-VG_MF_SFDmmNoB_f0.7a0.75_s22
Amazon-VG,MF,base (N=전체),all,20,20,0.04886,0.00577,0.02475,0.69878,0.09342,0.06269,27,v3_Amazon-VG_MF_base_s20
Amazon-VG,MF,base (N=전체),all,20,21,0.05589,0.0064,0.02607,0.73226,0.06431,0.07089,15,v3_Amazon-VG_MF_base_s21
Amazon-VG,MF,base (N=전체),all,20,22,0.05435,0.0063,0.02601,0.67133,0.12292,0.06986,48,v3_Amazon-VG_MF_base_s22
Amazon-VG,LightGCN,recent,1,20,20,0.0482,0.00407,0.02507,0.54084,0.3673,0.06885,66,v3nobREC_Amazon-VG_LightGCN_recentN1_s20
Amazon-VG,LightGCN,recent,1,20,21,0.05132,0.00427,0.02515,0.54075,0.3683,0.07396,51,v3nobREC_Amazon-VG_LightGCN_recentN1_s21
Amazon-VG,LightGCN,recent,1,20,22,0.04789,0.00391,0.02334,0.53902,0.37072,0.07024,33,v3nobREC_Amazon-VG_LightGCN_recentN1_s22
Amazon-VG,LightGCN,recent,2,20,20,0.06954,0.00595,0.03451,0.59684,0.26466,0.0877,48,v3nobREC_Amazon-VG_LightGCN_recentN2_s20
Amazon-VG,LightGCN,recent,2,20,21,0.0651,0.00577,0.03378,0.59444,0.26787,0.08707,84,v3nobREC_Amazon-VG_LightGCN_recentN2_s21
Amazon-VG,LightGCN,recent,2,20,22,0.06345,0.00558,0.0319,0.59202,0.27738,0.08388,33,v3nobREC_Amazon-VG_LightGCN_recentN2_s22
Amazon-VG,LightGCN,recent,3,20,20,0.07223,0.00626,0.03635,0.62547,0.22229,0.08945,24,v3nobREC_Amazon-VG_LightGCN_recentN3_s20
Amazon-VG,LightGCN,recent,3,20,21,0.06867,0.00611,0.03544,0.62252,0.22186,0.08879,39,v3nobREC_Amazon-VG_LightGCN_recentN3_s21
Amazon-VG,LightGCN,recent,3,20,22,0.07193,0.00648,0.03428,0.62266,0.23027,0.08912,30,v3nobREC_Amazon-VG_LightGCN_recentN3_s22
Amazon-VG,LightGCN,recent,6,20,20,0.07844,0.00718,0.03677,0.68203,0.13129,0.08929,39,v3nobREC_Amazon-VG_LightGCN_recentN6_s20
Amazon-VG,LightGCN,recent,6,20,21,0.07836,0.00716,0.03729,0.68471,0.12926,0.09082,21,v3nobREC_Amazon-VG_LightGCN_recentN6_s21
Amazon-VG,LightGCN,recent,6,20,22,0.08323,0.0075,0.03854,0.68346,0.13117,0.08938,18,v3nobREC_Amazon-VG_LightGCN_recentN6_s22
Amazon-VG,LightGCN,recent,12,20,20,0.06854,0.00703,0.03136,0.73729,0.06558,0.08556,9,v3nobREC_Amazon-VG_LightGCN_recentN12_s20
Amazon-VG,LightGCN,recent,12,20,21,0.07089,0.00716,0.03363,0.73229,0.06446,0.0875,21,v3nobREC_Amazon-VG_LightGCN_recentN12_s21
Amazon-VG,LightGCN,recent,12,20,22,0.07403,0.00738,0.03438,0.72912,0.06734,0.0871,24,v3nobREC_Amazon-VG_LightGCN_recentN12_s22
Amazon-VG,LightGCN,recent,24,20,20,0.07107,0.00738,0.03265,0.75122,0.04607,0.08143,42,v3nobREC_Amazon-VG_LightGCN_recentN24_s20
Amazon-VG,LightGCN,recent,24,20,21,0.07071,0.0074,0.03238,0.75193,0.04495,0.08174,81,v3nobREC_Amazon-VG_LightGCN_recentN24_s21
Amazon-VG,LightGCN,recent,24,20,22,0.07319,0.0075,0.0329,0.75086,0.04524,0.08014,42,v3nobREC_Amazon-VG_LightGCN_recentN24_s22
Amazon-VG,LightGCN,recent+F,1,20,20,0.08511,0.00714,0.04059,0.67513,0.05661,0.10709,39,v3nobREC_Amazon-VG_LightGCN_recentFN1_s20
Amazon-VG,LightGCN,recent+F,1,20,21,0.08241,0.00691,0.03941,0.67645,0.05816,0.10656,39,v3nobREC_Amazon-VG_LightGCN_recentFN1_s21
Amazon-VG,LightGCN,recent+F,1,20,22,0.08736,0.00722,0.04118,0.67789,0.05395,0.10138,33,v3nobREC_Amazon-VG_LightGCN_recentFN1_s22
Amazon-VG,LightGCN,recent+F,2,20,20,0.09917,0.00849,0.04783,0.66718,0.06147,0.11697,27,v3nobREC_Amazon-VG_LightGCN_recentFN2_s20
Amazon-VG,LightGCN,recent+F,2,20,21,0.10016,0.00824,0.04693,0.60411,0.17536,0.12058,117,v3nobREC_Amazon-VG_LightGCN_recentFN2_s21
Amazon-VG,LightGCN,recent+F,2,20,22,0.10222,0.00867,0.04876,0.64142,0.08106,0.11242,39,v3nobREC_Amazon-VG_LightGCN_recentFN2_s22
Amazon-VG,LightGCN,recent+F,3,20,20,0.10426,0.00881,0.04977,0.67836,0.05399,0.1175,18,v3nobREC_Amazon-VG_LightGCN_recentFN3_s20
Amazon-VG,LightGCN,recent+F,3,20,21,0.10147,0.00861,0.04716,0.68316,0.05517,0.11601,15,v3nobREC_Amazon-VG_LightGCN_recentFN3_s21
Amazon-VG,LightGCN,recent+F,3,20,22,0.09992,0.00857,0.04825,0.68311,0.0538,0.10884,15,v3nobREC_Amazon-VG_LightGCN_recentFN3_s22
Amazon-VG,LightGCN,recent+F,6,20,20,0.11871,0.0102,0.06109,0.67458,0.05548,0.13392,111,v3nobREC_Amazon-VG_LightGCN_recentFN6_s20
Amazon-VG,LightGCN,recent+F,6,20,21,0.11639,0.01004,0.05857,0.67147,0.05247,0.13525,90,v3nobREC_Amazon-VG_LightGCN_recentFN6_s21
Amazon-VG,LightGCN,recent+F,6,20,22,0.11523,0.00996,0.05641,0.67494,0.04812,0.13131,69,v3nobREC_Amazon-VG_LightGCN_recentFN6_s22
Amazon-VG,LightGCN,recent+F,12,20,20,0.11165,0.01002,0.05585,0.70798,0.03337,0.1379,57,v3nobREC_Amazon-VG_LightGCN_recentFN12_s20
Amazon-VG,LightGCN,recent+F,12,20,21,0.11682,0.01045,0.05706,0.71145,0.03423,0.13964,51,v3nobREC_Amazon-VG_LightGCN_recentFN12_s21
Amazon-VG,LightGCN,recent+F,12,20,22,0.115,0.01025,0.0564,0.71241,0.03407,0.13617,48,v3nobREC_Amazon-VG_LightGCN_recentFN12_s22
Amazon-VG,LightGCN,recent+F,24,20,20,0.11009,0.01027,0.05285,0.73231,0.02785,0.1319,42,v3nobREC_Amazon-VG_LightGCN_recentFN24_s20
Amazon-VG,LightGCN,recent+F,24,20,21,0.11823,0.01072,0.05602,0.72458,0.02967,0.13501,57,v3nobREC_Amazon-VG_LightGCN_recentFN24_s21
Amazon-VG,LightGCN,recent+F,24,20,22,0.11624,0.0107,0.05609,0.73258,0.02904,0.13354,42,v3nobREC_Amazon-VG_LightGCN_recentFN24_s22
Amazon-VG,LightGCN,F-only (N=전체),all,20,20,0.10273,0.00986,0.04826,0.75391,0.01814,0.12752,45,v3nobABL_Amazon-VG_LightGCN_Fonly_s20
Amazon-VG,LightGCN,F-only (N=전체),all,20,21,0.10334,0.00971,0.04857,0.75176,0.01685,0.12574,51,v3nobABL_Amazon-VG_LightGCN_Fonly_s21
Amazon-VG,LightGCN,F-only (N=전체),all,20,22,0.10177,0.00969,0.04696,0.75333,0.01791,0.12563,45,v3nobABL_Amazon-VG_LightGCN_Fonly_s22
Amazon-VG,LightGCN,SFD-noB champion,all,20,20,0.12682,0.01147,0.06198,0.60746,0.18571,0.16613,36,v3nob_final_Amazon-VG_LightGCN_SFDmmNoB_f0.7a1.0_s20
Amazon-VG,LightGCN,SFD-noB champion,all,20,21,0.11807,0.01088,0.06231,0.60671,0.188,0.15725,36,v3nob_final_Amazon-VG_LightGCN_SFDmmNoB_f0.7a1.0_s21
Amazon-VG,LightGCN,SFD-noB champion,all,20,22,0.12003,0.01115,0.06171,0.64325,0.07771,0.15555,21,v3nob_final_Amazon-VG_LightGCN_SFDmmNoB_f0.7a1.0_s22
Amazon-VG,LightGCN,base (N=전체),all,20,20,0.06852,0.00738,0.03108,0.77187,0.02984,0.07889,42,v3_Amazon-VG_LightGCN_base_s20
Amazon-VG,LightGCN,base (N=전체),all,20,21,0.06776,0.0073,0.0311,0.77254,0.0272,0.08055,45,v3_Amazon-VG_LightGCN_base_s21
Amazon-VG,LightGCN,base (N=전체),all,20,22,0.06818,0.00732,0.03098,0.77224,0.02765,0.08135,27,v3_Amazon-VG_LightGCN_base_s22
Amazon-VG,SimGCL,recent,1,20,20,0.02393,0.00204,0.01326,0.41353,0.6984,0.04549,6,v3nobREC_Amazon-VG_SimGCL_recentN1_s20
Amazon-VG,SimGCL,recent,1,20,21,0.02346,0.00205,0.01215,0.41305,0.69971,0.04624,6,v3nobREC_Amazon-VG_SimGCL_recentN1_s21
Amazon-VG,SimGCL,recent,1,20,22,0.02542,0.00215,0.01378,0.4142,0.6972,0.04288,6,v3nobREC_Amazon-VG_SimGCL_recentN1_s22
Amazon-VG,SimGCL,recent,2,20,20,0.04457,0.00407,0.02376,0.47305,0.56628,0.06664,3,v3nobREC_Amazon-VG_SimGCL_recentN2_s20
Amazon-VG,SimGCL,recent,2,20,21,0.04883,0.00436,0.02452,0.47232,0.56681,0.06727,3,v3nobREC_Amazon-VG_SimGCL_recentN2_s21
Amazon-VG,SimGCL,recent,2,20,22,0.04747,0.00411,0.02504,0.47205,0.56595,0.06244,3,v3nobREC_Amazon-VG_SimGCL_recentN2_s22
Amazon-VG,SimGCL,recent,3,20,20,0.05538,0.00495,0.02898,0.50932,0.48738,0.07333,3,v3nobREC_Amazon-VG_SimGCL_recentN3_s20
Amazon-VG,SimGCL,recent,3,20,21,0.05769,0.00509,0.02826,0.50735,0.48769,0.07524,3,v3nobREC_Amazon-VG_SimGCL_recentN3_s21
Amazon-VG,SimGCL,recent,3,20,22,0.05392,0.00479,0.02813,0.50962,0.48391,0.07158,3,v3nobREC_Amazon-VG_SimGCL_recentN3_s22
Amazon-VG,SimGCL,recent,6,20,20,0.06466,0.00605,0.0312,0.59542,0.28898,0.08595,3,v3nobREC_Amazon-VG_SimGCL_recentN6_s20
Amazon-VG,SimGCL,recent,6,20,21,0.06061,0.00554,0.02959,0.57526,0.31718,0.08365,21,v3nobREC_Amazon-VG_SimGCL_recentN6_s21
Amazon-VG,SimGCL,recent,6,20,22,0.06197,0.0056,0.03016,0.57897,0.31084,0.08169,12,v3nobREC_Amazon-VG_SimGCL_recentN6_s22
Amazon-VG,SimGCL,recent,12,20,20,0.07438,0.00714,0.03553,0.64791,0.16272,0.0936,21,v3nobREC_Amazon-VG_SimGCL_recentN12_s20
Amazon-VG,SimGCL,recent,12,20,21,0.07293,0.00697,0.03555,0.6538,0.15523,0.09492,9,v3nobREC_Amazon-VG_SimGCL_recentN12_s21
Amazon-VG,SimGCL,recent,12,20,22,0.07121,0.00703,0.03443,0.65855,0.15102,0.0934,6,v3nobREC_Amazon-VG_SimGCL_recentN12_s22
Amazon-VG,SimGCL,recent,24,20,20,0.07611,0.00775,0.03623,0.68546,0.08828,0.09306,18,v3nobREC_Amazon-VG_SimGCL_recentN24_s20
Amazon-VG,SimGCL,recent,24,20,21,0.07464,0.00773,0.03567,0.68664,0.0874,0.09365,24,v3nobREC_Amazon-VG_SimGCL_recentN24_s21
Amazon-VG,SimGCL,recent,24,20,22,0.0761,0.00785,0.036,0.68822,0.0846,0.09146,12,v3nobREC_Amazon-VG_SimGCL_recentN24_s22
Amazon-VG,SimGCL,recent+F,1,20,20,0.07785,0.00638,0.038,0.67032,0.06268,0.09887,6,v3nobREC_Amazon-VG_SimGCL_recentFN1_s20
Amazon-VG,SimGCL,recent+F,1,20,21,0.0778,0.00628,0.03698,0.67346,0.05147,0.09877,3,v3nobREC_Amazon-VG_SimGCL_recentFN1_s21
Amazon-VG,SimGCL,recent+F,1,20,22,0.07902,0.0064,0.03852,0.67357,0.05249,0.09473,3,v3nobREC_Amazon-VG_SimGCL_recentFN1_s22
Amazon-VG,SimGCL,recent+F,2,20,20,0.08941,0.00771,0.0455,0.6718,0.05836,0.10832,24,v3nobREC_Amazon-VG_SimGCL_recentFN2_s20
Amazon-VG,SimGCL,recent+F,2,20,21,0.08925,0.00757,0.04387,0.6788,0.05495,0.1056,3,v3nobREC_Amazon-VG_SimGCL_recentFN2_s21
Amazon-VG,SimGCL,recent+F,2,20,22,0.09062,0.00744,0.04501,0.67825,0.05476,0.10263,3,v3nobREC_Amazon-VG_SimGCL_recentFN2_s22
Amazon-VG,SimGCL,recent+F,3,20,20,0.09169,0.00771,0.04589,0.6804,0.05166,0.10644,12,v3nobREC_Amazon-VG_SimGCL_recentFN3_s20
Amazon-VG,SimGCL,recent+F,3,20,21,0.09386,0.00793,0.04572,0.67162,0.05321,0.10712,12,v3nobREC_Amazon-VG_SimGCL_recentFN3_s21
Amazon-VG,SimGCL,recent+F,3,20,22,0.09352,0.00795,0.0471,0.68807,0.0435,0.10697,3,v3nobREC_Amazon-VG_SimGCL_recentFN3_s22
Amazon-VG,SimGCL,recent+F,6,20,20,0.1016,0.00877,0.04465,0.69025,0.02885,0.11686,15,v3nobREC_Amazon-VG_SimGCL_recentFN6_s20
Amazon-VG,SimGCL,recent+F,6,20,21,0.10266,0.00881,0.04966,0.68625,0.02513,0.11671,21,v3nobREC_Amazon-VG_SimGCL_recentFN6_s21
Amazon-VG,SimGCL,recent+F,6,20,22,0.10558,0.00898,0.04718,0.68343,0.02102,0.11743,27,v3nobREC_Amazon-VG_SimGCL_recentFN6_s22
Amazon-VG,SimGCL,recent+F,12,20,20,0.11119,0.00975,0.05197,0.70498,0.01626,0.121,12,v3nobREC_Amazon-VG_SimGCL_recentFN12_s20
Amazon-VG,SimGCL,recent+F,12,20,21,0.10832,0.00949,0.05188,0.70602,0.01511,0.12748,12,v3nobREC_Amazon-VG_SimGCL_recentFN12_s21
Amazon-VG,SimGCL,recent+F,12,20,22,0.10743,0.00933,0.04995,0.70566,0.01613,0.12221,12,v3nobREC_Amazon-VG_SimGCL_recentFN12_s22
Amazon-VG,SimGCL,recent+F,24,20,20,0.10677,0.00965,0.05185,0.71687,0.01137,0.12525,9,v3nobREC_Amazon-VG_SimGCL_recentFN24_s20
Amazon-VG,SimGCL,recent+F,24,20,21,0.10867,0.00973,0.05244,0.71927,0.01076,0.12331,9,v3nobREC_Amazon-VG_SimGCL_recentFN24_s21
Amazon-VG,SimGCL,recent+F,24,20,22,0.10352,0.00945,0.04919,0.7155,0.01012,0.12361,9,v3nobREC_Amazon-VG_SimGCL_recentFN24_s22
Amazon-VG,SimGCL,F-only (N=전체),all,20,20,0.10199,0.00941,0.04891,0.7349,0.00646,0.12557,6,v3nobABL_Amazon-VG_SimGCL_Fonly_s20
Amazon-VG,SimGCL,F-only (N=전체),all,20,21,0.11451,0.01022,0.05364,0.73173,0.00716,0.12402,6,v3nobABL_Amazon-VG_SimGCL_Fonly_s21
Amazon-VG,SimGCL,F-only (N=전체),all,20,22,0.10467,0.00916,0.05097,0.72122,0.00448,0.11852,9,v3nobABL_Amazon-VG_SimGCL_Fonly_s22
Amazon-VG,SimGCL,SFD-noB champion,all,20,20,0.11249,0.01006,0.05259,0.69176,0.01632,0.13328,6,v3nob_final_Amazon-VG_SimGCL_SFDmmNoB_f0.7a0.75_s20
Amazon-VG,SimGCL,SFD-noB champion,all,20,21,0.11237,0.00996,0.05381,0.69168,0.01599,0.12914,6,v3nob_final_Amazon-VG_SimGCL_SFDmmNoB_f0.7a0.75_s21
Amazon-VG,SimGCL,SFD-noB champion,all,20,22,0.11526,0.01014,0.05519,0.6899,0.01569,0.12636,6,v3nob_final_Amazon-VG_SimGCL_SFDmmNoB_f0.7a0.75_s22
Amazon-VG,SimGCL,base (N=전체),all,20,20,0.07281,0.00787,0.03513,0.72152,0.03669,0.09879,18,v3_Amazon-VG_SimGCL_base_s20
Amazon-VG,SimGCL,base (N=전체),all,20,21,0.07623,0.00804,0.03735,0.72239,0.0363,0.09864,15,v3_Amazon-VG_SimGCL_base_s21
Amazon-VG,SimGCL,base (N=전체),all,20,22,0.07538,0.008,0.03585,0.71927,0.03832,0.09897,48,v3_Amazon-VG_SimGCL_base_s22
